OPENING_ID,SITE_PREP_,SITEPr_1_Meth,SITE_PREP1,SITE_PRE_1,SITE_PRE_2,SITEPr_2_Meth,SITE_PRE_3,SITE_PRE_4,SITE_PRE_5,SITEPr_3_Type,SITEPr_3_Meth,SITEPr_3_Area,SITEPr_3_Date,SITEPr_4_Type,SITEPr_4_Meth,SITEPr_4_Area,SITEPr_4_Date,SITEPr_5_Type,SITEPr_5_Meth,SITEPr_5_Area,SITEPr_5_Date,PLANTING_1,PLANTING_2,PLANTING_3,PLANT_1_SP1,PLANT_1_NUM2,PLANT_1_SP2,PLANT_1_NUM2,PLANT_1_SP3,PLANT_1_NUM3,PLANT_1_SP4,PLANT_1_NUM4,PLANT_1_SP5,PLANT_1_NUM5,PLANT_1_SP6,PLANT_1_NUM6,PLANT_1_SP7,PLANT_1_NUM7,PLANT_1_SP8,PLANT_1_NUM8,PLANTING_4,PLANTING_5,PLANTING_6,PLANT_2_SP1,PLANT_2_NUM1,PLANT_2_SP2,PLANT_2_NUM2,PLANT_2_SP3,PLANT_2_NUM3,PLANT_2_SP4,PLANT_2_NUM4,PLANT_2_SP5,PLANT_2_NUM5,PLANT_2_SP6,PLANT_2_NUM6,PLANTING_C,PLANT_3_Type,PLANT_3_Meth,PLANT_3_Area,PLANT_3_Date,PLANT_3_SP1,PLANT_3_NUM1,PLANT_3_SP2,PLANT_3_NUM2,PLANT_3_SP3,PLANT_3_NUM3,PLANT_4_Type,PLANT_4_Meth,PLANT_4_Area,PLANT_4_Date,PLANT_4_SP1,PLANT_4_NUM1,PLANT_4_SP2,PLANT_4_NUM2,PLANT_5_Type,PLANT_5_Meth,PLANT_5_Area,PLANT_5_Date,PLANT_5_SP1,PLANT_5_NUM1,PLANT_5_SP2,PLANT_5_NUM2,PLANT_5_SP3,PLANT_5_NUM3,PLANT_6_Type,PLANT_6_Meth,PLANT_6_Area,PLANT_6_Date,PLANT_6_SP1,PLANT_6_NUM1,PLANT_6_SP2,PLANT_6_NUM2,PLANT_6_SP3,PLANT_6_NUM3,PLANT_7_Type,PLANT_7_Meth,PLANT_7_Area,PLANT_7_Date,PLANT_7_SP1,PLANT_7_NUM1,PLANT_7_SP2,PLANT_7_NUM2,PLANT_7_SP3,PLANT_7_NUM3
-626260000,ME,WINDR,124,1982-10-01,BU,WINDR,124,1984-09-01,3,ME,MOUND,7.2,01-09-1991,NA,NA,NA,NA,,,,,PL,124,1985-06-01,SX,117000,NA,NA,,,,,,,,,,,,,PL,30,1994-06-11,PLI,20000,NA,NA,,,,,,,,,3,PL,PL,7.2,24-06-1992,SX,3000,SW,4300,,,,,,,,,,,,,,,,,,,,,,,,,,,,,,,,,,,,,,,,
-626260000,ME,WINDR,124,1982-10-01,BU,WINDR,124,1984-09-01,3,ME,MOUND,7.2,01-09-1991,NA,NA,NA,NA,,,,,PL,124,1985-06-01,SX,117000,NA,NA,,,,,,,,,,,,,PL,30,1994-06-11,PLI,20000,NA,NA,,,,,,,,,3,PL,PL,7.2,24-06-1992,SX,3000,SW,4300,,,,,,,,,,,,,,,,,,,,,,,,,,,,,,,,,,,,,,,,
-626260000,ME,WINDR,124,1982-10-01,BU,WINDR,124,1984-09-01,3,ME,MOUND,7.2,01-09-1991,NA,NA,NA,NA,,,,,PL,124,1985-06-01,SX,117000,NA,NA,,,,,,,,,,,,,PL,30,1994-06-11,PLI,20000,NA,NA,,,,,,,,,3,PL,PL,7.2,24-06-1992,SX,3000,SW,4300,,,,,,,,,,,,,,,,,,,,,,,,,,,,,,,,,,,,,,,,
-626260000,ME,WINDR,124,1982-10-01,BU,WINDR,124,1984-09-01,3,ME,MOUND,7.2,01-09-1991,NA,NA,NA,NA,,,,,PL,124,1985-06-01,SX,117000,NA,NA,,,,,,,,,,,,,PL,30,1994-06-11,PLI,20000,NA,NA,,,,,,,,,3,PL,PL,7.2,24-06-1992,SX,3000,SW,4300,,,,,,,,,,,,,,,,,,,,,,,,,,,,,,,,,,,,,,,,
-624610000,ME,TRAIL,80,1990-10-01,ME,CHAIN,88,1984-09-01,2,NA,NA,NA,NA,NA,NA,NA,NA,,,,,PL,81.2,1991-06-01,PLI,11000,NA,NA,,,,,,,,,,,,,NA,0,NA,NA,NA,NA,NA,,,,,,,,,1,NA,NA,NA,NA,NA,NA,NA,NA,,,,,,,,,,,,,,,,,,,,,,,,,,,,,,,,,,,,,,,,
-622830000,BU,PBURN,9,1979-10-01,BU,WFIRE,43,1981-05-01,4,ME,CHAIN,77,01-10-1979,ME,DISC,21.6,01-11-1991,,,,,PL,21.6,1993-07-15,PLI,28600,NA,NA,,,,,,,,,,,,,FP,10.3,1999-06-04,PLI,8400,NA,NA,,,,,,,,,3,PL,PL,0.6,21-05-1996,SX,375,NA,NA,,,,,,,,,,,,,,,,,,,,,,,,,,,,,,,,,,,,,,,,
-622580000,BU,BROAD,166,1979-10-01,ME,TRAIL,32,1988-09-01,3,BU,WINDR,51,01-10-1980,NA,NA,NA,NA,,,,,PL,32.2,1989-06-24,PLI,6400,PLI,13420,,,,,,,,,,,,,PL,111,1980-05-01,SX,183000,PLI,0,,,,,,,,,3,PL,PL,15,01-05-1980,SX,25000,NA,NA,,,,,,,,,,,,,,,,,,,,,,,,,,,,,,,,,,,,,,,,
-622580000,BU,BROAD,166,1979-10-01,ME,TRAIL,32,1988-09-01,3,NA,WINDR,51,01-10-1980,NA,NA,NA,NA,,,,,PL,32.2,1989-06-24,PLI,6400,PLI,13420,,,,,,,,,,,,,PL,111,1980-05-01,SX,183000,PLI,0,,,,,,,,,3,PL,PL,15,01-05-1980,SX,25000,NA,NA,,,,,,,,,,,,,,,,,,,,,,,,,,,,,,,,,,,,,,,,
-619730000,ME,MOUND,5.9,1991-09-01,BU,BROAD,133.5,1980-09-01,2,NA,NA,NA,NA,NA,NA,NA,NA,,,,,PL,5.9,1992-06-01,SX,5000,NA,NA,,,,,,,,,,,,,FP,4.7,1996-05-21,SX,3885,NA,NA,,,,,,,,,3,PL,PL,133.5,01-06-1983,SX,199000,NA,NA,,,,,,,,,,,,,,,,,,,,,,,,,,,,,,,,,,,,,,,,
-470450000,0,NA,0,NA,NA,NA,0,NA,0,NA,NA,NA,NA,NA,NA,NA,NA,,,,,NA,0,NA,NA,NA,NA,NA,,,,,,,,,,,,,NA,0,NA,NA,NA,NA,NA,,,,,,,,,0,NA,NA,NA,NA,NA,NA,NA,NA,,,,,,,,,,,,,,,,,,,,,,,,,,,,,,,,,,,,,,,,
7183,ME,MOUND,2.7,1992-10-01,BU,PILE,54.7,1992-10-01,5,BU,SPOT,54.7,01-10-1992,BU,SPOT,7.3,01-11-1991,ME,PILE,7.3,01-09-1991,PL,21.9,1994-05-15,PLI,34395,NA,NA,,,,,,,,,,,,,PL,40.9,1993-06-15,PLI,58845,SX,1080,,,,,,,,,3,PL,PL,2.8,15-05-1992,SX,3730,NA,NA,,,,,,,,,,,,,,,,,,,,,,,,,,,,,,,,,,,,,,,,
7187,ME,MOUND,3,1993-10-01,ME,DISC,31.6,1993-09-01,2,NA,NA,NA,NA,NA,NA,NA,NA,,,,,PL,73.7,1994-05-01,PLI,25512,SX,33997,PLI,44175,,,,,,,,,,,NA,0,NA,NA,NA,NA,NA,,,,,,,,,1,NA,NA,NA,NA,NA,NA,NA,NA,,,,,,,,,,,,,,,,,,,,,,,,,,,,,,,,,,,,,,,,
7188,ME,MOUND,0.4,2001-07-01,ME,MOUND,1,1992-10-01,3,ME,CHAIN,46.5,01-10-1992,NA,NA,NA,NA,,,,,PL,1,1993-06-01,PLI,600,SX,600,,,,,,,,,,,,,FP,1.1,2001-07-15,PLI,1005,NA,NA,,,,,,,,,2,NA,NA,NA,NA,NA,NA,NA,NA,,,,,,,,,,,,,,,,,,,,,,,,,,,,,,,,,,,,,,,,
7189,ME,MOUND,3.7,2001-07-01,ME,POST,56.5,1992-10-01,3,ME,MOUND,16.9,01-10-1992,NA,NA,NA,NA,,,,,PL,16.9,1993-06-06,PLI,10320,SX,10220,,,,,,,,,,,,,FP,27.5,2001-07-07,PLI,21365,SX,1370,,,,,,,,,2,NA,NA,NA,NA,NA,NA,NA,NA,,,,,,,,,,,,,,,,,,,,,,,,,,,,,,,,,,,,,,,,
7190,ME,MOUND,3.3,2001-07-01,ME,DISC,31.8,1993-09-01,4,ME,MOUND,1.9,01-05-1995,ME,CHAIN,44.5,01-10-1992,,,,,PL,26.4,1994-05-15,PLI,40325,NA,NA,,,,,,,,,,,,,PL,6.5,1995-05-15,PLI,10170,NA,NA,,,,,,,,,4,PL,FP,0.9,15-06-1999,PLI,1020,NA,NA,,,PL,FP,3.3,15-07-2001,PLI,3005,SX,570,,,,,,,,,,,,,,,,,,,,,,,,,,,,,,
7191,ME,MOUND,0.5,1996-11-01,BU,SPOT,16,1996-10-01,4,ME,PILE,16,01-10-1996,ME,MOUND,7.9,01-05-1996,,,,,PL,30.3,1997-06-01,PLI,48440,SX,2780,,,,,,,,,,,,,NA,0,NA,NA,NA,NA,NA,,,,,,,,,1,NA,NA,NA,NA,NA,NA,NA,NA,,,,,,,,,,,,,,,,,,,,,,,,,,,,,,,,,,,,,,,,
7283,0,NA,0,NA,NA,NA,0,NA,0,NA,NA,NA,NA,NA,NA,NA,NA,,,,,PL,53.7,1997-06-15,PLI,83330,SX,380,,,,,,,,,,,,,RP,8,1999-06-01,PLI,12300,NA,NA,,,,,,,,,3,PL,FP,5.5,15-06-2002,PLI,4120,NA,NA,,,,,,,,,,,,,,,,,,,,,,,,,,,,,,,,,,,,,,,,
7284,BU,SPOT,18.7,1996-07-01,ME,PILE,18.7,1996-07-01,3,ME,MOUND,0.4,01-05-1996,NA,NA,NA,NA,,,,,PL,19.1,1997-06-01,PLI,36280,SX,680,,,,,,,,,,,,,NA,0,NA,NA,NA,NA,NA,,,,,,,,,1,NA,NA,NA,NA,NA,NA,NA,NA,,,,,,,,,,,,,,,,,,,,,,,,,,,,,,,,,,,,,,,,
10606,ME,,50,1991-10-01,NA,NA,0,NA,1,NA,NA,NA,NA,NA,NA,NA,NA,,,,,FP,0.4,1997-06-01,SX,388,NA,NA,,,,,,,,,,,,,PL,56.2,1992-05-01,PLI,78200,SX,60,,,,,,,,,2,NA,NA,NA,NA,NA,NA,NA,NA,,,,,,,,,,,,,,,,,,,,,,,,,,,,,,,,,,,,,,,,
10607,ME,MOUND,0.5,1996-07-01,ME,NA,68,1991-10-01,2,NA,NA,NA,NA,NA,NA,NA,NA,,,,,FP,0.7,1997-06-01,SX,868,NA,NA,,,,,,,,,,,,,FP,0.2,1997-06-01,SX,153,NA,NA,,,,,,,,,4,PL,FP,0.1,01-05-1998,SX,80,NA,NA,,,PL,PL,72.5,01-05-1992,PLI,96500,SX,1065,,,,,,,,,,,,,,,,,,,,,,,,,,,,,,
10610,ME,,26.8,1993-08-01,NA,NA,0,NA,1,NA,NA,NA,NA,NA,NA,NA,NA,,,,,FP,2.6,1997-06-01,SX,197,NA,NA,,,,,,,,,,,,,PL,27.4,1994-06-01,PLI,35200,SX,2720,,,,,,,,,2,NA,NA,NA,NA,NA,NA,NA,NA,,,,,,,,,,,,,,,,,,,,,,,,,,,,,,,,,,,,,,,,
10611,ME,DISC,72,1994-08-01,ME,DISC,82.2,1994-08-01,4,ME,MOUND,3,01-09-1994,ME,MOUND,1.5,01-09-1994,,,,,FP,0.8,1998-05-01,SX,660,NA,NA,,,,,,,,,,,,,PL,1.5,1995-05-01,SX,1350,NA,NA,,,,,,,,,4,PL,PL,11.5,01-05-1995,SX,15330,NA,NA,,,PL,PL,80.6,01-05-1995,PLI,19369,,,,,,,,,,,,,,,,,,,,,,,,,,,,,,,,
10615,ME,DISC,57.3,1995-10-01,NA,NA,0,NA,1,NA,NA,NA,NA,NA,NA,NA,NA,,,,,FP,1.7,2001-06-05,SX,1155,NA,NA,,,,,,,,,,,,,PL,72.2,1996-06-01,PLI,101080,SX,10611,,,,,,,,,2,NA,NA,NA,NA,NA,NA,NA,NA,,,,,,,,,,,,,,,,,,,,,,,,,,,,,,,,,,,,,,,,
10616,ME,,52.8,1993-09-01,ME,MOUND,5.2,1993-10-01,3,ME,MOUND,2.5,05-02-2008,NA,NA,NA,NA,,,,,FP,2.9,1997-06-01,SX,2846,NA,NA,,,,,,,,,,,,,FP,3,1997-06-01,SX,3282,NA,NA,,,,,,,,,7,PL,PL,58.8,01-06-1994,PLI,56000,SX,13881,SX,8879,PL,FP,5.5,01-06-1999,SX,4470,,,PL,FP,15,31-05-2005,PLI,8125,SX,825,SX,7450,PL,FP,3.1,10-07-2008,SX,4602,,,,,PL,FP,3.1,10-06-2011,PLI,1440,,,,
10619,ME,DISC,54,1994-08-01,ME,DISC,52,1994-08-01,4,ME,MOUND,28.9,01-06-1994,ME,MOUND,31.5,01-06-1994,,,,,PL,2.8,1995-05-01,SX,3780,NA,NA,,,,,,,,,,,,,PL,30.1,1995-05-01,SX,35789,NA,NA,,,,,,,,,3,PL,PL,52.1,01-05-1995,PLI,74034,NA,NA,,,,,,,,,,,,,,,,,,,,,,,,,,,,,,,,,,,,,,,,
10626,ME,,87,1992-08-01,NA,NA,0,NA,1,NA,NA,NA,NA,NA,NA,NA,NA,,,,,FP,1.5,1997-05-01,SX,1198,NA,NA,,,,,,,,,,,,,PL,86.6,1993-05-01,PLI,105875,NA,NA,,,,,,,,,2,NA,NA,NA,NA,NA,NA,NA,NA,,,,,,,,,,,,,,,,,,,,,,,,,,,,,,,,,,,,,,,,
10627,ME,,23.6,1993-08-01,NA,NA,0,NA,1,NA,NA,NA,NA,NA,NA,NA,NA,,,,,PL,24.1,1994-06-01,PLI,27700,SX,3160,,,,,,,,,,,,,NA,0,NA,NA,NA,NA,NA,,,,,,,,,1,NA,NA,NA,NA,NA,NA,NA,NA,,,,,,,,,,,,,,,,,,,,,,,,,,,,,,,,,,,,,,,,
10628,ME,,48.4,1993-08-01,ME,NA,47,1993-08-01,2,NA,NA,NA,NA,NA,NA,NA,NA,,,,,PL,49.3,1994-06-01,PLI,64175,SX,140,,,,,,,,,,,,,FP,0.2,1997-05-01,SX,147,NA,NA,,,,,,,,,2,NA,NA,NA,NA,NA,NA,NA,NA,,,,,,,,,,,,,,,,,,,,,,,,,,,,,,,,,,,,,,,,
29292,ME,,43.4,1991-07-01,NA,NA,0,NA,1,NA,NA,NA,NA,NA,NA,NA,NA,,,,,PL,43.4,1992-05-01,PLI,68572,NA,NA,,,,,,,,,,,,,NA,0,NA,NA,NA,NA,NA,,,,,,,,,1,NA,NA,NA,NA,NA,NA,NA,NA,,,,,,,,,,,,,,,,,,,,,,,,,,,,,,,,,,,,,,,,
29293,ME,,42.3,1991-07-01,ME,MOUND,1,1995-11-01,2,NA,NA,NA,NA,NA,NA,NA,NA,,,,,PL,42.3,1992-05-01,PLI,68680,SW,3230,,,,,,,,,,,,,PL,1,1996-05-01,SX,1480,NA,NA,,,,,,,,,3,PL,FP,1.7,01-05-1996,PLI,2380,NA,NA,,,,,,,,,,,,,,,,,,,,,,,,,,,,,,,,,,,,,,,,
29294,ME,MOUND,0.7,1995-11-01,ME,MOUND,1.4,1997-09-01,3,ME,NA,73.1,01-09-1991,NA,NA,NA,NA,,,,,PL,73.1,1992-05-01,PLI,124275,SW,680,,,,,,,,,,,,,FP,3.2,1995-05-01,SX,3600,NA,NA,,,,,,,,,4,PL,PL,0.7,01-05-1996,SX,580,NA,NA,,,PL,PL,1.4,01-05-1998,PLI,1700,SX,660,,,,,,,,,,,,,,,,,,,,,,,,,,,,,,
29304,0,NA,0,NA,NA,NA,0,NA,0,NA,NA,NA,NA,NA,NA,NA,NA,,,,,PL,24.4,1993-06-01,PLI,39300,NA,NA,,,,,,,,,,,,,FP,0.4,1996-06-01,SX,1000,NA,NA,,,,,,,,,2,NA,NA,NA,NA,NA,NA,NA,NA,,,,,,,,,,,,,,,,,,,,,,,,,,,,,,,,,,,,,,,,
29305,ME,,31.7,1993-09-01,NA,NA,0,NA,1,NA,NA,NA,NA,NA,NA,NA,NA,,,,,PL,31.7,1994-05-01,PLI,48425,NA,NA,,,,,,,,,,,,,NA,0,NA,NA,NA,NA,NA,,,,,,,,,1,NA,NA,NA,NA,NA,NA,NA,NA,,,,,,,,,,,,,,,,,,,,,,,,,,,,,,,,,,,,,,,,
29306,0,NA,0,NA,NA,NA,0,NA,0,NA,NA,NA,NA,NA,NA,NA,NA,,,,,FP,1,1996-05-01,SX,915,NA,NA,,,,,,,,,,,,,PL,40.7,1993-06-01,PLI,74010,NA,NA,,,,,,,,,2,NA,NA,NA,NA,NA,NA,NA,NA,,,,,,,,,,,,,,,,,,,,,,,,,,,,,,,,,,,,,,,,
29307,ME,,54.2,1993-09-01,NA,NA,0,NA,1,NA,NA,NA,NA,NA,NA,NA,NA,,,,,PL,58.1,1994-05-01,PLI,99175,NA,NA,,,,,,,,,,,,,NA,0,NA,NA,NA,NA,NA,,,,,,,,,1,NA,NA,NA,NA,NA,NA,NA,NA,,,,,,,,,,,,,,,,,,,,,,,,,,,,,,,,,,,,,,,,
29309,ME,,35,1993-09-01,NA,NA,0,NA,1,NA,NA,NA,NA,NA,NA,NA,NA,,,,,PL,35,1994-05-01,PLI,61525,NA,NA,,,,,,,,,,,,,NA,0,NA,NA,NA,NA,NA,,,,,,,,,1,NA,NA,NA,NA,NA,NA,NA,NA,,,,,,,,,,,,,,,,,,,,,,,,,,,,,,,,,,,,,,,,
29310,ME,MOUND,3.8,1996-10-01,ME,,81,1993-09-01,4,ME,DITCH,1.6,01-09-1996,ME,PILE,3.5,01-09-1993,,,,,PL,91.5,1994-05-01,PLI,135900,SX,3600,,,,,,,,,,,,,PL,3.8,1997-05-01,SX,4400,NA,NA,,,,,,,,,2,NA,NA,NA,NA,NA,NA,NA,NA,,,,,,,,,,,,,,,,,,,,,,,,,,,,,,,,,,,,,,,,
29321,ME,PILE,1,1993-12-01,ME,DISC,59.7,1994-10-01,2,NA,NA,NA,NA,NA,NA,NA,NA,,,,,PL,60.4,1995-05-01,PLI,88570,NA,NA,,,,,,,,,,,,,NA,0,NA,NA,NA,NA,NA,,,,,,,,,1,NA,NA,NA,NA,NA,NA,NA,NA,,,,,,,,,,,,,,,,,,,,,,,,,,,,,,,,,,,,,,,,
43610,ME,DISC,42.9,1997-09-01,NA,NA,0,NA,1,NA,NA,NA,NA,NA,NA,NA,NA,,,,,PL,41.9,1999-06-23,NA,NA,NA,NA,,,,,,,,,,,,,PL,7.9,1999-06-23,NA,NA,NA,NA,,,,,,,,,2,NA,NA,NA,NA,NA,NA,NA,NA,,,,,,,,,,,,,,,,,,,,,,,,,,,,,,,,,,,,,,,,
45844,ME,DISC,36.8,1996-08-01,NA,NA,0,NA,1,NA,NA,NA,NA,NA,NA,NA,NA,,,,,PL,11.6,1997-05-01,PLI,16558,NA,NA,,,,,,,,,,,,,PL,0.2,1997-05-01,SX,351,NA,NA,,,,,,,,,3,PL,PL,40,01-05-1997,PLI,59808,NA,NA,,,,,,,,,,,,,,,,,,,,,,,,,,,,,,,,,,,,,,,,
45848,NA,NA,0,NA,NA,NA,0,NA,0,NA,NA,NA,NA,NA,NA,NA,NA,,,,,FP,0.4,2003-05-30,PLI,700,NA,NA,,,,,,,,,,,,,PL,20.1,1997-05-01,PLI,30352,NA,NA,,,,,,,,,3,PL,PL,23.5,01-05-1997,PLI,26529,NA,NA,,,,,,,,,,,,,,,,,,,,,,,,,,,,,,,,,,,,,,,,
53367,ME,DISC,35.5,1995-11-01,NA,NA,0,NA,1,NA,NA,NA,NA,NA,NA,NA,NA,,,,,PL,38.1,1996-05-01,PLI,55975,NA,NA,,,,,,,,,,,,,FP,1.2,1999-05-31,PLI,340,NA,NA,,,,,,,,,2,NA,NA,NA,NA,NA,NA,NA,NA,,,,,,,,,,,,,,,,,,,,,,,,,,,,,,,,,,,,,,,,
53369,ME,DISC,50.6,1995-10-01,NA,NA,0,NA,1,NA,NA,NA,NA,NA,NA,NA,NA,,,,,PL,54.7,1996-05-01,PLI,83055,NA,NA,,,,,,,,,,,,,PL,0.3,1996-05-01,SX,360,NA,NA,,,,,,,,,2,NA,NA,NA,NA,NA,NA,NA,NA,,,,,,,,,,,,,,,,,,,,,,,,,,,,,,,,,,,,,,,,
53370,ME,DISC,54.1,1995-11-01,ME,MOUND,2.7,1995-10-01,2,NA,NA,NA,NA,NA,NA,NA,NA,,,,,PL,54.1,1996-05-01,PLI,83320,NA,NA,,,,,,,,,,,,,PL,2.9,1996-05-01,SX,3820,NA,NA,,,,,,,,,2,NA,NA,NA,NA,NA,NA,NA,NA,,,,,,,,,,,,,,,,,,,,,,,,,,,,,,,,,,,,,,,,
56702,0,NA,0,NA,NA,NA,0,NA,0,NA,NA,NA,NA,NA,NA,NA,NA,,,,,FP,0.3,2005-06-06,SX,180,NA,NA,,,,,,,,,,,,,PL,0.5,1999-06-01,SX,434,NA,NA,,,,,,,,,3,PL,PL,19.1,01-06-1999,PLI,20860,NA,NA,,,,,,,,,,,,,,,,,,,,,,,,,,,,,,,,,,,,,,,,
62812,ME,DISC,19,1999-05-30,ME,MOUND,2.6,1999-05-30,2,NA,NA,NA,NA,NA,NA,NA,NA,,,,,PL,23.1,2000-05-01,PLI,21080,SX,5010,,,,,,,,,,,,,NA,0,NA,NA,NA,NA,NA,,,,,,,,,1,NA,NA,NA,NA,NA,NA,NA,NA,,,,,,,,,,,,,,,,,,,,,,,,,,,,,,,,,,,,,,,,
62820,ME,DISC,32.5,1999-06-30,ME,MOUND,1.6,1999-06-30,2,NA,NA,NA,NA,NA,NA,NA,NA,,,,,PL,40.9,2000-06-01,PLI,46005,SX,3825,,,,,,,,,,,,,NA,0,NA,NA,NA,NA,NA,,,,,,,,,1,NA,NA,NA,NA,NA,NA,NA,NA,,,,,,,,,,,,,,,,,,,,,,,,,,,,,,,,,,,,,,,,
62821,ME,DISC,11.9,1999-05-30,ME,MOUND,3.4,1999-05-30,2,NA,NA,NA,NA,NA,NA,NA,NA,,,,,PL,3.8,1999-06-01,PLI,2679,PLI,1572,,,,,,,,,,,,,PL,3,1999-06-01,SX,2571,SX,960,,,,,,,,,4,PL,PL,4.9,01-06-1999,SX,5702,NA,NA,,,PL,PL,23.1,01-05-2000,PLI,17835,SX,8130,,,,,,,,,,,,,,,,,,,,,,,,,,,,,,
62823,ME,DISC,38.7,1999-06-30,NA,NA,0,NA,1,NA,NA,NA,NA,NA,NA,NA,NA,,,,,PL,48.2,2000-05-01,PLI,39220,SX,17525,,,,,,,,,,,,,NA,0,NA,NA,NA,NA,NA,,,,,,,,,1,NA,NA,NA,NA,NA,NA,NA,NA,,,,,,,,,,,,,,,,,,,,,,,,,,,,,,,,,,,,,,,,
63067,ME,MOUND,2.1,1997-09-01,ME,DISC,26.9,1997-09-01,2,NA,NA,NA,NA,NA,NA,NA,NA,,,,,PL,26.9,1998-05-01,PLI,49200,NA,NA,,,,,,,,,,,,,FP,29,1999-05-31,PLI,100800,NA,NA,,,,,,,,,3,PL,PL,2.1,01-05-1998,SX,1310,PLI,1060,,,,,,,,,,,,,,,,,,,,,,,,,,,,,,,,,,,,,,,,
63108,ME,DISC,23.1,1997-09-01,NA,NA,0,NA,1,NA,NA,NA,NA,NA,NA,NA,NA,,,,,PL,0.5,1998-05-01,PLI,800,NA,NA,,,,,,,,,,,,,FP,3.4,1999-05-31,PLI,1660,NA,NA,,,,,,,,,3,PL,PL,22.6,01-05-1998,PLI,40320,NA,NA,,,,,,,,,,,,,,,,,,,,,,,,,,,,,,,,,,,,,,,,
63113,ME,MOUND,0.4,1997-10-01,ME,DISC,38.7,1997-10-01,2,NA,NA,NA,NA,NA,NA,NA,NA,,,,,PL,0.2,1998-05-01,PLI,300,NA,NA,,,,,,,,,,,,,FP,1.8,1999-05-31,PLI,1580,NA,NA,,,,,,,,,4,PL,PL,0.4,01-05-1998,PLI,600,NA,NA,,,PL,PL,38.4,01-05-1998,PLI,68000,,,,,,,,,,,,,,,,,,,,,,,,,,,,,,,,
68364,ME,MOUND,2.7,1999-05-30,ME,PILE,46.6,1999-06-30,2,NA,NA,NA,NA,NA,NA,NA,NA,,,,,PL,54.7,2000-05-01,PLI,58340,SX,6795,,,,,,,,,,,,,NA,0,NA,NA,NA,NA,NA,,,,,,,,,1,NA,NA,NA,NA,NA,NA,NA,NA,,,,,,,,,,,,,,,,,,,,,,,,,,,,,,,,,,,,,,,,
68374,ME,DISC,30.5,1999-05-30,ME,MOUND,12,1999-06-30,2,NA,NA,NA,NA,NA,NA,NA,NA,,,,,PL,57.9,2000-05-01,PLI,57240,SX,4950,,,,,,,,,,,,,NA,0,NA,NA,NA,NA,NA,,,,,,,,,1,NA,NA,NA,NA,NA,NA,NA,NA,,,,,,,,,,,,,,,,,,,,,,,,,,,,,,,,,,,,,,,,
75593,0,NA,0,NA,NA,NA,0,NA,0,NA,NA,NA,NA,NA,NA,NA,NA,,,,,NA,0,NA,NA,NA,NA,NA,,,,,,,,,,,,,NA,0,NA,NA,NA,NA,NA,,,,,,,,,0,NA,NA,NA,NA,NA,NA,NA,NA,,,,,,,,,,,,,,,,,,,,,,,,,,,,,,,,,,,,,,,,
75594,ME,DISC,28.8,1999-09-01,NA,NA,0,NA,1,NA,NA,NA,NA,NA,NA,NA,NA,,,,,PL,31.6,01-05-2000,PLI,50300,NA,NA,,,,,,,,,,,,,RP,31.6,2003-05-05,PLI,45400,NA,NA,,,,,,,,,3,NA,NA,NA,NA,NA,NA,NA,NA,,,,,,,,,,,,,,,,,,,,,,,,,,,,,,,,,,,,,,,,
75595,ME,DISC,29.7,1999-09-01,NA,NA,0,NA,1,NA,NA,NA,NA,NA,NA,NA,NA,,,,,PL,30.1,2000-05-01,PLI,46690,NA,NA,,,,,,,,,,,,,NA,0,NA,NA,NA,NA,NA,,,,,,,,,1,NA,NA,NA,NA,NA,NA,NA,NA,,,,,,,,,,,,,,,,,,,,,,,,,,,,,,,,,,,,,,,,
79683,0,NA,0,NA,NA,NA,0,NA,0,NA,NA,NA,NA,NA,NA,NA,NA,,,,,PL,4.3,2000-05-01,PLI,600,SX,3870,,,,,,,,,,,,,NA,0,NA,NA,NA,NA,NA,,,,,,,,,1,NA,NA,NA,NA,NA,NA,NA,NA,,,,,,,,,,,,,,,,,,,,,,,,,,,,,,,,,,,,,,,,
79684,0,NA,0,NA,NA,NA,0,NA,0,NA,NA,NA,NA,NA,NA,NA,NA,,,,,PL,2,2000-05-01,PLI,2020,NA,NA,,,,,,,,,,,,,NA,0,NA,NA,NA,NA,NA,,,,,,,,,1,NA,NA,NA,NA,NA,NA,NA,NA,,,,,,,,,,,,,,,,,,,,,,,,,,,,,,,,,,,,,,,,
81927,ME,DISC,18.5,1999-09-01,NA,NA,0,NA,1,NA,NA,NA,NA,NA,NA,NA,NA,,,,,PL,26.3,2000-05-01,PLI,46170,NA,NA,,,,,,,,,,,,,NA,0,NA,NA,NA,NA,NA,,,,,,,,,1,NA,NA,NA,NA,NA,NA,NA,NA,,,,,,,,,,,,,,,,,,,,,,,,,,,,,,,,,,,,,,,,
81928,0,NA,0,NA,NA,NA,0,NA,0,NA,NA,NA,NA,NA,NA,NA,NA,,,,,PL,28,2000-05-01,PLI,48980,NA,NA,,,,,,,,,,,,,NA,0,NA,NA,NA,NA,NA,,,,,,,,,1,NA,NA,NA,NA,NA,NA,NA,NA,,,,,,,,,,,,,,,,,,,,,,,,,,,,,,,,,,,,,,,,
81929,ME,DISC,30.6,2000-09-01,NA,NA,0,NA,1,NA,NA,NA,NA,NA,NA,NA,NA,,,,,PL,5.1,2002-05-28,PLI,9600,NA,NA,,,,,,,,,,,,,NA,0,NA,NA,NA,NA,NA,,,,,,,,,1,NA,NA,NA,NA,NA,NA,NA,NA,,,,,,,,,,,,,,,,,,,,,,,,,,,,,,,,,,,,,,,,
85334,ME,DISC,1.7,2000-09-26,NA,NA,0,NA,1,NA,NA,NA,NA,NA,NA,NA,NA,,,,,PL,32.3,2001-05-25,PLI,6080,PLI,27100,,,,,,,,,,,,,NA,0,NA,NA,NA,NA,NA,,,,,,,,,1,NA,NA,NA,NA,NA,NA,NA,NA,,,,,,,,,,,,,,,,,,,,,,,,,,,,,,,,,,,,,,,,
85335,0,NA,0,NA,NA,NA,0,NA,0,NA,NA,NA,NA,NA,NA,NA,NA,,,,,PL,28.8,2001-05-29,PLI,32940,SX,1020,SX,675,,,,,,,,,,,NA,0,NA,NA,NA,NA,NA,,,,,,,,,1,NA,NA,NA,NA,NA,NA,NA,NA,,,,,,,,,,,,,,,,,,,,,,,,,,,,,,,,,,,,,,,,
85356,ME,DISC,12,2001-10-01,NA,NA,0,NA,1,NA,NA,NA,NA,NA,NA,NA,NA,,,,,PL,3.1,2004-05-23,PLI,3495,NA,NA,,,,,,,,,,,,,PL,12,2002-06-15,PLI,10804,PLI,3016,,,,,,,,,PLI,848,NA,NA,NA,NA,NA,NA,NA,,,,,,,,,,,,,,,,,,,,,,,,,,,,,,,,,,,,,,,,
101316,0,NA,0,NA,NA,NA,0,NA,0,NA,NA,NA,NA,NA,NA,NA,NA,,,,,FP,3.7,2007-05-01,PLI,2000,SX,500,,,,,,,,,,,,,PL,5.9,2003-05-01,PLI,6016,SX,1069,,,,,,,,,2,NA,NA,NA,NA,NA,NA,NA,NA,,,,,,,,,,,,,,,,,,,,,,,,,,,,,,,,,,,,,,,,
103285,0,NA,0,NA,NA,NA,0,NA,0,NA,NA,NA,NA,NA,NA,NA,NA,,,,,PL,10.2,01-05-2003,NA,NA,NA,NA,,,,,,,,,,,,,PL,10.2,2003-05-01,NA,NA,NA,NA,,,,,,,,,2,NA,NA,NA,NA,NA,NA,NA,NA,,,,,,,,,,,,,,,,,,,,,,,,,,,,,,,,,,,,,,,,
103813,0,NA,0,NA,NA,NA,0,NA,0,NA,NA,NA,NA,NA,NA,NA,NA,,,,,NA,0,NA,NA,NA,NA,NA,,,,,,,,,,,,,NA,0,NA,NA,NA,NA,NA,,,,,,,,,0,NA,NA,NA,NA,NA,NA,NA,NA,,,,,,,,,,,,,,,,,,,,,,,,,,,,,,,,,,,,,,,,
103825,0,NA,0,NA,NA,NA,0,NA,0,NA,NA,NA,NA,NA,NA,NA,NA,,,,,PL,2.2,2005-06-05,PLI,200,PLI,2940,,,,,,,,,,,,,NA,0,NA,NA,NA,NA,NA,,,,,,,,,1,NA,NA,NA,NA,NA,NA,NA,NA,,,,,,,,,,,,,,,,,,,,,,,,,,,,,,,,,,,,,,,,
103830,0,NA,0,NA,NA,NA,0,NA,0,NA,NA,NA,NA,NA,NA,NA,NA,,,,,PL,1,2003-05-30,PLI,1164,NA,NA,,,,,,,,,,,,,NA,0,NA,NA,NA,NA,NA,,,,,,,,,1,NA,NA,NA,NA,NA,NA,NA,NA,,,,,,,,,,,,,,,,,,,,,,,,,,,,,,,,,,,,,,,,
103869,0,NA,0,NA,NA,NA,0,NA,0,NA,NA,NA,NA,NA,NA,NA,NA,,,,,PL,3.1,2003-05-30,PLI,3476,NA,NA,,,,,,,,,,,,,NA,0,NA,NA,NA,NA,NA,,,,,,,,,1,NA,NA,NA,NA,NA,NA,NA,NA,,,,,,,,,,,,,,,,,,,,,,,,,,,,,,,,,,,,,,,,
103870,0,NA,0,NA,NA,NA,0,NA,0,NA,NA,NA,NA,NA,NA,NA,NA,,,,,PL,1.3,2003-05-30,PLI,1816,NA,NA,,,,,,,,,,,,,NA,0,NA,NA,NA,NA,NA,,,,,,,,,1,NA,NA,NA,NA,NA,NA,NA,NA,,,,,,,,,,,,,,,,,,,,,,,,,,,,,,,,,,,,,,,,
1001560,0,NA,0,NA,NA,NA,0,NA,0,NA,NA,NA,NA,NA,NA,NA,NA,,,,,PL,1.4,2008-06-02,PLI,440,NA,NA,,,,,,,,,,,,,PL,11.5,2003-06-01,PLI,16375,NA,NA,,,,,,,,,3,PL,PL,43.5,26-05-2005,PLI,3460,PLI,38940,SX,13475,,,,,,,,,,,,,,,,,,,,,,,,,,,,,,,,,,,,,,
1003443,0,NA,0,NA,NA,NA,0,NA,0,NA,NA,NA,NA,NA,NA,NA,NA,,,,,PL,4.4,2005-06-11,PLI,4980,NA,NA,,,,,,,,,,,,,PL,18.1,2004-06-13,PLI,1680,PLI,20220,,,,,,,,,3,PL,RP,2.9,20-06-2008,PLI,1380,NA,NA,,,,,,,,,,,,,,,,,,,,,,,,,,,,,,,,,,,,,,,,
1003444,0,NA,0,NA,NA,NA,0,NA,0,NA,NA,NA,NA,NA,NA,NA,NA,,,,,PL,2.4,2004-05-21,PLI,2640,SX,270,,,,,,,,,,,,,NA,0,NA,NA,NA,NA,NA,,,,,,,,,1,NA,NA,NA,NA,NA,NA,NA,NA,,,,,,,,,,,,,,,,,,,,,,,,,,,,,,,,,,,,,,,,
1003446,0,NA,0,NA,NA,NA,0,NA,0,NA,NA,NA,NA,NA,NA,NA,NA,,,,,PL,0.4,2005-06-12,PLI,520,NA,NA,,,,,,,,,,,,,PL,11.9,2003-05-30,PLI,15161,NA,NA,,,,,,,,,2,NA,NA,NA,NA,NA,NA,NA,NA,,,,,,,,,,,,,,,,,,,,,,,,,,,,,,,,,,,,,,,,
1003453,0,NA,0,NA,NA,NA,0,NA,0,NA,NA,NA,NA,NA,NA,NA,NA,,,,,PL,8.8,2004-06-18,PLI,10495,NA,NA,,,,,,,,,,,,,NA,0,NA,NA,NA,NA,NA,,,,,,,,,1,NA,NA,NA,NA,NA,NA,NA,NA,,,,,,,,,,,,,,,,,,,,,,,,,,,,,,,,,,,,,,,,
1003455,0,NA,0,NA,NA,NA,0,NA,0,NA,NA,NA,NA,NA,NA,NA,NA,,,,,FP,5.4,2008-06-20,PLI,4350,NA,NA,,,,,,,,,,,,,PL,3.7,2004-05-16,PLI,4395,NA,NA,,,,,,,,,3,PL,PL,5.4,13-06-2005,PLI,5300,SX,1260,,,,,,,,,,,,,,,,,,,,,,,,,,,,,,,,,,,,,,,,
1003619,0,NA,0,NA,NA,NA,0,NA,0,NA,NA,NA,NA,NA,NA,NA,NA,,,,,PL,1.8,2004-06-08,PLI,2200,NA,NA,,,,,,,,,,,,,PL,10.1,2003-05-30,PLI,21595,NA,NA,,,,,,,,,2,NA,NA,NA,NA,NA,NA,NA,NA,,,,,,,,,,,,,,,,,,,,,,,,,,,,,,,,,,,,,,,,
1003620,0,NA,0,NA,NA,NA,0,NA,0,NA,NA,NA,NA,NA,NA,NA,NA,,,,,PL,1.1,2005-06-07,PLI,1420,NA,NA,,,,,,,,,,,,,PL,6.5,2004-06-09,PLI,7980,NA,NA,,,,,,,,,2,NA,NA,NA,NA,NA,NA,NA,NA,,,,,,,,,,,,,,,,,,,,,,,,,,,,,,,,,,,,,,,,
1003621,0,NA,0,NA,NA,NA,0,NA,0,NA,NA,NA,NA,NA,NA,NA,NA,,,,,FP,1.3,2006-06-02,PLI,1700,NA,NA,,,,,,,,,,,,,PL,9.5,2003-05-30,PLI,1658,PLI,7899,,,,,,,,,2,NA,NA,NA,NA,NA,NA,NA,NA,,,,,,,,,,,,,,,,,,,,,,,,,,,,,,,,,,,,,,,,
1003622,0,NA,0,NA,NA,NA,0,NA,0,NA,NA,NA,NA,NA,NA,NA,NA,,,,,FP,8.7,2008-06-11,PLI,2970,NA,NA,,,,,,,,,,,,,PL,9.2,2005-06-07,PLI,8520,SX,1010,,,,,,,,,2,NA,NA,NA,NA,NA,NA,NA,NA,,,,,,,,,,,,,,,,,,,,,,,,,,,,,,,,,,,,,,,,
1003660,ME,DISC,6.3,2003-10-01,NA,NA,0,NA,1,NA,NA,NA,NA,NA,NA,NA,NA,,,,,PL,1.7,2005-06-10,PLI,2260,NA,NA,,,,,,,,,,,,,PL,6.3,2004-06-01,PLI,8535,NA,NA,,,,,,,,,2,NA,NA,NA,NA,NA,NA,NA,NA,,,,,,,,,,,,,,,,,,,,,,,,,,,,,,,,,,,,,,,,
1003662,0,NA,0,NA,NA,NA,0,NA,0,NA,NA,NA,NA,NA,NA,NA,NA,,,,,FP,10.2,2005-06-12,PLI,1400,NA,NA,,,,,,,,,,,,,PL,11.8,2004-05-23,PLI,12720,NA,NA,,,,,,,,,2,NA,NA,NA,NA,NA,NA,NA,NA,,,,,,,,,,,,,,,,,,,,,,,,,,,,,,,,,,,,,,,,
1003683,0,NA,0,NA,NA,NA,0,NA,0,NA,NA,NA,NA,NA,NA,NA,NA,,,,,PL,13.4,2004-06-04,PLI,14940,NA,NA,,,,,,,,,,,,,NA,0,NA,NA,NA,NA,NA,,,,,,,,,1,NA,NA,NA,NA,NA,NA,NA,NA,,,,,,,,,,,,,,,,,,,,,,,,,,,,,,,,,,,,,,,,
1003942,0,NA,0,NA,NA,NA,0,NA,0,NA,NA,NA,NA,NA,NA,NA,NA,,,,,PL,6.6,2004-06-13,PLI,7600,NA,NA,,,,,,,,,,,,,NA,0,NA,NA,NA,NA,NA,,,,,,,,,1,NA,NA,NA,NA,NA,NA,NA,NA,,,,,,,,,,,,,,,,,,,,,,,,,,,,,,,,,,,,,,,,
1003951,0,NA,0,NA,NA,NA,0,NA,0,NA,NA,NA,NA,NA,NA,NA,NA,,,,,PL,2.8,2005-05-31,PLI,8460,NA,NA,,,,,,,,,,,,,NA,0,NA,NA,NA,NA,NA,,,,,,,,,1,NA,NA,NA,NA,NA,NA,NA,NA,,,,,,,,,,,,,,,,,,,,,,,,,,,,,,,,,,,,,,,,
1003959,0,NA,0,NA,NA,NA,0,NA,0,NA,NA,NA,NA,NA,NA,NA,NA,,,,,PL,5.4,2004-06-09,PLI,7800,NA,NA,,,,,,,,,,,,,NA,0,NA,NA,NA,NA,NA,,,,,,,,,1,NA,NA,NA,NA,NA,NA,NA,NA,,,,,,,,,,,,,,,,,,,,,,,,,,,,,,,,,,,,,,,,
1003960,0,NA,0,NA,NA,NA,0,NA,0,NA,NA,NA,NA,NA,NA,NA,NA,,,,,PL,3.7,2004-06-09,PLI,5300,NA,NA,,,,,,,,,,,,,NA,0,NA,NA,NA,NA,NA,,,,,,,,,1,NA,NA,NA,NA,NA,NA,NA,NA,,,,,,,,,,,,,,,,,,,,,,,,,,,,,,,,,,,,,,,,
1003961,0,NA,0,NA,NA,NA,0,NA,0,NA,NA,NA,NA,NA,NA,NA,NA,,,,,PL,1.1,2004-06-13,PLI,1120,NA,NA,,,,,,,,,,,,,NA,0,NA,NA,NA,NA,NA,,,,,,,,,1,NA,NA,NA,NA,NA,NA,NA,NA,,,,,,,,,,,,,,,,,,,,,,,,,,,,,,,,,,,,,,,,
1003975,0,NA,0,NA,NA,NA,0,NA,0,NA,NA,NA,NA,NA,NA,NA,NA,,,,,PL,7.4,2004-06-13,PLI,9480,NA,NA,,,,,,,,,,,,,NA,0,NA,NA,NA,NA,NA,,,,,,,,,1,NA,NA,NA,NA,NA,NA,NA,NA,,,,,,,,,,,,,,,,,,,,,,,,,,,,,,,,,,,,,,,,
1006830,0,NA,0,NA,NA,NA,0,NA,0,NA,NA,NA,NA,NA,NA,NA,NA,,,,,PL,4.8,2005-06-04,PLI,6140,SX,315,,,,,,,,,,,,,NA,0,NA,NA,NA,NA,NA,,,,,,,,,1,NA,NA,NA,NA,NA,NA,NA,NA,,,,,,,,,,,,,,,,,,,,,,,,,,,,,,,,,,,,,,,,
1006831,0,NA,0,NA,NA,NA,0,NA,0,NA,NA,NA,NA,NA,NA,NA,NA,,,,,PL,1.3,2004-06-16,PLI,1875,NA,NA,,,,,,,,,,,,,PL,11.2,2003-05-30,PLI,12929,NA,NA,,,,,,,,,2,NA,NA,NA,NA,NA,NA,NA,NA,,,,,,,,,,,,,,,,,,,,,,,,,,,,,,,,,,,,,,,,
1006854,0,NA,0,NA,NA,NA,0,NA,0,NA,NA,NA,NA,NA,NA,NA,NA,,,,,PL,6.8,2004-05-05,PLI,3765,PLI,5940,,,,,,,,,,,,,NA,0,NA,NA,NA,NA,NA,,,,,,,,,1,NA,NA,NA,NA,NA,NA,NA,NA,,,,,,,,,,,,,,,,,,,,,,,,,,,,,,,,,,,,,,,,
1006855,0,NA,0,NA,NA,NA,0,NA,0,NA,NA,NA,NA,NA,NA,NA,NA,,,,,FP,2.3,2008-06-13,PLI,1300,NA,NA,,,,,,,,,,,,,PL,2.3,2006-05-30,PLI,2700,NA,NA,,,,,,,,,3,PL,PL,11.2,07-06-2004,NA,NA,NA,NA,,,,,,,,,,,,,,,,,,,,,,,,,,,,,,,,,,,,,,,,
1006856,0,NA,0,NA,NA,NA,0,NA,0,NA,NA,NA,NA,NA,NA,NA,NA,,,,,PL,1.8,2006-05-30,PLI,2000,NA,NA,,,,,,,,,,,,,PL,4.2,2003-05-30,PLI,5936,NA,NA,,,,,,,,,3,PL,PL,6.1,16-06-2004,PLI,7140,NA,NA,,,,,,,,,,,,,,,,,,,,,,,,,,,,,,,,,,,,,,,,
1006862,0,NA,0,NA,NA,NA,0,NA,0,NA,NA,NA,NA,NA,NA,NA,NA,,,,,PL,6.6,2004-06-05,PLI,7620,NA,NA,,,,,,,,,,,,,PL,11.3,2006-06-02,PLI,500,PLI,14800,,,,,,,,,2,NA,NA,NA,NA,NA,NA,NA,NA,,,,,,,,,,,,,,,,,,,,,,,,,,,,,,,,,,,,,,,,
1010524,0,NA,0,NA,NA,NA,0,NA,0,NA,NA,NA,NA,NA,NA,NA,NA,,,,,PL,12.7,2005-05-31,PLI,15470,SX,15,,,,,,,,,,,,,NA,0,NA,NA,NA,NA,NA,,,,,,,,,1,NA,NA,NA,NA,NA,NA,NA,NA,,,,,,,,,,,,,,,,,,,,,,,,,,,,,,,,,,,,,,,,
1064939,0,NA,0,NA,NA,NA,0,NA,0,NA,NA,NA,NA,NA,NA,NA,NA,,,,,PL,113.8,2007-05-01,PLI,94965,SX,13415,SX,1710,PLI,17545,,,,,,,,,NA,0,NA,NA,NA,NA,NA,,,,,,,,,1,NA,NA,NA,NA,NA,NA,NA,NA,,,,,,,,,,,,,,,,,,,,,,,,,,,,,,,,,,,,,,,,
1064940,ME,DISC,17.7,2006-10-01,NA,NA,0,NA,1,NA,NA,NA,NA,NA,NA,NA,NA,,,,,PL,27.5,2007-05-01,PLI,1070,PLI,2500,PLI,22850,PLI,1180,,,,,,,,,NA,0,NA,NA,NA,NA,NA,,,,,,,,,1,NA,NA,NA,NA,NA,NA,NA,NA,,,,,,,,,,,,,,,,,,,,,,,,,,,,,,,,,,,,,,,,
1162070,0,NA,0,NA,NA,NA,0,NA,0,NA,NA,NA,NA,NA,NA,NA,NA,,,,,PL,11,2008-06-26,SX,6015,PLI,12990,,,,,,,,,,,,,NA,0,NA,NA,NA,NA,NA,,,,,,,,,1,NA,NA,NA,NA,NA,NA,NA,NA,,,,,,,,,,,,,,,,,,,,,,,,,,,,,,,,,,,,,,,,
1162072,0,NA,0,NA,NA,NA,0,NA,0,NA,NA,NA,NA,NA,NA,NA,NA,,,,,PL,54.2,2008-06-26,PLI,53882,SX,2085,SX,16051,PLI,4333,SX,10109,,,,,,,NA,0,NA,NA,NA,NA,NA,,,,,,,,,1,NA,NA,NA,NA,NA,NA,NA,NA,,,,,,,,,,,,,,,,,,,,,,,,,,,,,,,,,,,,,,,,
1261153,0,NA,0,NA,NA,NA,0,NA,0,NA,NA,NA,NA,NA,NA,NA,NA,,,,,PL,22.6,2010-06-11,SX,16170,PLI,16390,,,,,,,,,,,,,NA,0,NA,NA,NA,NA,NA,,,,,,,,,1,NA,NA,NA,NA,NA,NA,NA,NA,,,,,,,,,,,,,,,,,,,,,,,,,,,,,,,,,,,,,,,,
1265750,0,NA,0,NA,NA,NA,0,NA,0,NA,NA,NA,NA,NA,NA,NA,NA,,,,,PL,34.1,2010-06-12,SX,19520,SX,3150,PLI,28710,PLI,4200,,,,,,,,,NA,0,NA,NA,NA,NA,NA,,,,,,,,,1,NA,NA,NA,NA,NA,NA,NA,NA,,,,,,,,,,,,,,,,,,,,,,,,,,,,,,,,,,,,,,,,
1321451,ME,MOUND,2.6,2010-10-15,NA,NA,0,NA,1,NA,NA,NA,NA,NA,NA,NA,NA,,,,,PL,44.5,2011-06-09,SX,13770,PLI,33180,PLI,9900,SX,1890,PLI,1260,PLI,660,,,,,NA,0,NA,NA,NA,NA,NA,,,,,,,,,1,NA,NA,NA,NA,NA,NA,NA,NA,,,,,,,,,,,,,,,,,,,,,,,,,,,,,,,,,,,,,,,,
1321931,0,NA,0,NA,NA,NA,0,NA,0,NA,NA,NA,NA,NA,NA,NA,NA,,,,,PL,23.4,2011-06-07,SX,2205,PLI,3500,SX,10530,PLI,16960,,,,,,,,,NA,0,NA,NA,NA,NA,NA,,,,,,,,,1,NA,NA,NA,NA,NA,NA,NA,NA,,,,,,,,,,,,,,,,,,,,,,,,,,,,,,,,,,,,,,,,
1348510,0,NA,0,NA,NA,NA,0,NA,0,NA,NA,NA,NA,NA,NA,NA,NA,,,,,PL,62.8,2012-06-17,SX,7845,PLI,31390,SX,6555,PLI,26620,,,,,,,,,NA,0,NA,NA,NA,NA,NA,,,,,,,,,1,NA,NA,NA,NA,NA,NA,NA,NA,,,,,,,,,,,,,,,,,,,,,,,,,,,,,,,,,,,,,,,,
1348691,0,NA,0,NA,NA,NA,0,NA,0,NA,NA,NA,NA,NA,NA,NA,NA,,,,,PL,6.6,2012-06-19,PLI,6500,NA,NA,,,,,,,,,,,,,NA,0,NA,NA,NA,NA,NA,,,,,,,,,1,NA,NA,NA,NA,NA,NA,NA,NA,,,,,,,,,,,,,,,,,,,,,,,,,,,,,,,,,,,,,,,,
1363990,0,NA,0,NA,NA,NA,0,NA,0,NA,NA,NA,NA,NA,NA,NA,NA,,,,,PL,21.8,2012-06-20,PLI,24680,SX,2400,,,,,,,,,,,,,NA,0,NA,NA,NA,NA,NA,,,,,,,,,1,NA,NA,NA,NA,NA,NA,NA,NA,,,,,,,,,,,,,,,,,,,,,,,,,,,,,,,,,,,,,,,,
1510291,ME,SHARK,7.8,2012-09-25,ME,MOUND,3.5,2013-06-20,2,NA,NA,NA,NA,NA,NA,NA,NA,,,,,PL,3.5,2015-05-22,PLI,2920,SX,1695,,,,,,,,,,,,,NA,0,NA,NA,NA,NA,NA,,,,,,,,,1,NA,NA,NA,NA,NA,NA,NA,NA,,,,,,,,,,,,,,,,,,,,,,,,,,,,,,,,,,,,,,,,
1510292,ME,MOUND,4.9,2013-06-13,ME,SHARK,24.3,2012-09-24,2,NA,NA,NA,NA,NA,NA,NA,NA,,,,,PL,6.5,2015-05-22,PLI,5160,SX,4320,,,,,,,,,,,,,NA,0,NA,NA,NA,NA,NA,,,,,,,,,1,NA,NA,NA,NA,NA,NA,NA,NA,,,,,,,,,,,,,,,,,,,,,,,,,,,,,,,,,,,,,,,,
1510293,ME,SHARK,36.1,2012-09-25,ME,MOUND,15.1,2013-06-19,2,NA,NA,NA,NA,NA,NA,NA,NA,,,,,PL,19,2015-05-22,PLI,17880,SX,11970,,,,,,,,,,,,,NA,0,NA,NA,NA,NA,NA,,,,,,,,,1,NA,NA,NA,NA,NA,NA,NA,NA,,,,,,,,,,,,,,,,,,,,,,,,,,,,,,,,,,,,,,,,
1514910,ME,MOUND,2.1,2013-11-20,ME,CHAIN,25.2,2012-09-23,2,NA,NA,NA,NA,NA,NA,NA,NA,,,,,RO,3.7,2016-05-02,PLI,1490,NA,NA,,,,,,,,,,,,,PL,2.5,2014-06-13,PLI,1360,SX,1455,,,,,,,,,2,NA,NA,NA,NA,NA,NA,NA,NA,,,,,,,,,,,,,,,,,,,,,,,,,,,,,,,,,,,,,,,,
1514912,ME,CHAIN,11.2,2012-09-20,ME,MOUND,0.3,2013-11-20,2,NA,NA,NA,NA,NA,NA,NA,NA,,,,,PL,0.6,2014-06-13,PLI,680,SX,300,,,,,,,,,,,,,RO,1.1,2016-05-02,PLI,780,NA,NA,,,,,,,,,2,NA,NA,NA,NA,NA,NA,NA,NA,,,,,,,,,,,,,,,,,,,,,,,,,,,,,,,,,,,,,,,,
1514914,ME,MOUND,5.4,2013-06-11,ME,CHAIN,26.8,2012-09-27,2,NA,NA,NA,NA,NA,NA,NA,NA,,,,,FP,3.7,2016-05-12,SX,1290,PLI,1770,,,,,,,,,,,,,PL,8.5,2013-06-18,PLI,8280,PLI,4320,,,,,,,,,SX,2160,SX,1750,NA,NA,NA,NA,NA,,,,,,,,,,,,,,,,,,,,,,,,,,,,,,,,,,,,,,,,
1514915,ME,CHAIN,19.9,2012-09-24,ME,MOUND,1.4,2013-11-20,2,NA,NA,NA,NA,NA,NA,NA,NA,,,,,PL,1.8,2014-06-13,PLI,1320,SX,450,,,,,,,,,,,,,FP,7.5,2016-05-12,SX,705,PLI,2960,,,,,,,,,2,NA,NA,NA,NA,NA,NA,NA,NA,,,,,,,,,,,,,,,,,,,,,,,,,,,,,,,,,,,,,,,,
1610235,ME,DISC,19.4,2015-08-27,ME,DISC,47,2015-08-27,2,NA,NA,NA,NA,NA,NA,NA,NA,,,,,FP,72.6,2019-05-11,PLI,48414,SX,17784,PLI,2010,PLI,1440,SX,3920,,,,,,,PL,72.6,2016-05-18,SX,840,PLI,7360,SX,945,PLI,8320,SX,7245,PLI,63360,2,NA,NA,NA,NA,NA,NA,NA,NA,,,,,,,,,,,,,,,,,,,,,,,,,,,,,,,,,,,,,,,,
1610237,ME,DISC,69.2,2015-08-27,NA,NA,0,NA,1,NA,NA,NA,NA,NA,NA,NA,NA,,,,,PL,69.2,2016-05-18,SX,8995,PLI,35981,PLI,8400,SX,13650,PLI,49440,,,,,,,PL,11.8,2019-05-14,PLI,3108,PLI,2383,SX,932,SX,3937,,,,,2,PL,FP,49.3,07-06-2020,SX,5040,SX,5060,PLI,16765,PLI,25200,,,,,,,,,,,,,,,,,,,,,,,,,,,,,,,,,,,,
1610716,ME,DISC,47,2015-08-26,NA,NA,0,NA,1,NA,NA,NA,NA,NA,NA,NA,NA,,,,,PL,47,2016-05-18,SX,11130,PLI,43200,,,,,,,,,,,,,PL,47,25-06-2020,PLI,59155,SX,13370,,,,,,,,,1,NA,NA,NA,NA,NA,NA,NA,NA,,,,,,,,,,,,,,,,,,,,,,,,,,,,,,,,,,,,,,,,
1611797,ME,SHARK,25.7,2014-06-24,ME,PILE,4.1,2014-06-23,3,ME,MOUND,4.8,27-06-2014,NA,NA,NA,NA,,,,,PL,8.3,2015-05-24,PLI,10280,SX,5100,,,,,,,,,,,,,NA,0,NA,NA,NA,NA,NA,,,,,,,,,1,NA,NA,NA,NA,NA,NA,NA,NA,,,,,,,,,,,,,,,,,,,,,,,,,,,,,,,,,,,,,,,,
1666520,0,NA,0,NA,NA,NA,0,NA,0,NA,NA,NA,NA,NA,NA,NA,NA,,,,,PL,28.8,2018-06-21,PLI,26810,SX,11490,,,,,,,,,,,,,NA,0,NA,NA,NA,NA,NA,,,,,,,,,1,NA,NA,NA,NA,NA,NA,NA,NA,,,,,,,,,,,,,,,,,,,,,,,,,,,,,,,,,,,,,,,,
1666541,0,NA,0,NA,NA,NA,0,NA,0,NA,NA,NA,NA,NA,NA,NA,NA,,,,,PL,6.2,2017-06-21,PLI,10350,SX,1290,,,,,,,,,,,,,PL,79.1,2018-06-21,PLI,86344,SX,21586,,,,,,,,,2,NA,NA,NA,NA,NA,NA,NA,NA,,,,,,,,,,,,,,,,,,,,,,,,,,,,,,,,,,,,,,,,
1666907,0,NA,0,NA,NA,NA,0,NA,0,NA,NA,NA,NA,NA,NA,NA,NA,,,,,PL,185.4,2017-06-21,SX,11070,SX,26460,PLI,9660,PLI,63420,PLI,55440,PLI,59220,PLI,18720,,,NA,0,NA,NA,NA,NA,NA,,,,,,,,,1,NA,NA,NA,NA,NA,NA,NA,NA,,,,,,,,,,,,,,,,,,,,,,,,,,,,,,,,,,,,,,,,
1666916,0,NA,0,NA,NA,NA,0,NA,0,NA,NA,NA,NA,NA,NA,NA,NA,,,,,PL,47.5,2017-06-21,SX,210,SX,2355,PLI,15630,PLI,2100,PLI,6030,SX,8160,SX,3360,PLI,28980,PL,44.1,2018-06-21,PLI,41549,SX,17806,,,,,,,,,2,NA,NA,NA,NA,NA,NA,NA,NA,,,,,,,,,,,,,,,,,,,,,,,,,,,,,,,,,,,,,,,,
1667529,ME,DISC,22,2017-10-10,ME,EXCAV,32.9,2017-07-02,2,NA,NA,NA,NA,NA,NA,NA,NA,,,,,PL,54.9,2018-06-01,PLI,30855,SX,14740,SX,1008,SX,1155,SX,10010,PLI,20955,SX,735,,,NA,0,NA,NA,NA,NA,NA,,,,,,,,,1,NA,NA,NA,NA,NA,NA,NA,NA,,,,,,,,,,,,,,,,,,,,,,,,,,,,,,,,,,,,,,,,
1668480,0,NA,0,NA,NA,NA,0,NA,0,NA,NA,NA,NA,NA,NA,NA,NA,,,,,PL,51.6,2016-06-21,SX,11340,PLI,54600,,,,,,,,,,,,,PL,6.8,2017-06-21,PLI,10920,PLI,4620,,,,,,,,,2,PL,PL,25,21-06-2020,PLI,1860,PLI,34700,SX,5040,SX,3510,,,,,,,,,,,,,,,,,,,,,,,,,,,,,,,,,,,,
1670889,ME,MOUND,13.5,2018-06-26,ME,MOUND,1.1,2018-06-26,2,NA,NA,NA,NA,NA,NA,NA,NA,,,,,PL,2.5,2017-07-05,PLI,2060,PLI,540,SX,1260,,,,,,,,,,,PL,17.1,2019-05-18,SX,8205,SX,825,PLI,275,PLI,14530,,,,,2,NA,NA,NA,NA,NA,NA,NA,NA,,,,,,,,,,,,,,,,,,,,,,,,,,,,,,,,,,,,,,,,
1684063,0,NA,0,NA,NA,NA,0,NA,0,NA,NA,NA,NA,NA,NA,NA,NA,,,,,PL,21.6,2017-05-20,PLI,18900,SX,6270,,,,,,,,,,,,,NA,0,NA,NA,NA,NA,NA,,,,,,,,,1,NA,NA,NA,NA,NA,NA,NA,NA,,,,,,,,,,,,,,,,,,,,,,,,,,,,,,,,,,,,,,,,
