"OPENING_ID","SITE_PREP_","SITEPr_1_Meth","SITE_PREP1","SITE_PRE_1","SITE_PRE_2","SITEPr_2_Meth","SITE_PRE_3","SITE_PRE_4","SITE_PRE_5","SITEPr_3_Type","SITEPr_3_Meth","SITEPr_3_Area","SITEPr_3_Date","SITEPr_4","SITEPr_4_Type","SITEPr_4_Meth","SITEPr_4_Area","SITEPr_4_Date","PLANTING_1","PLANTING_2","PLANTING_3","PLANT_1_SP1","PLANT_1_NUM2","PLANT_1_SP2","PLANT_1_NUM2","PLANTING_4","PLANTING_5","PLANTING_6","PLANT_2_SP1","PLANT_2_NUM1","PLANT_2_SP2","PLANT_2_NUM2","PLANTING_C","PLANT_3_Type","PLANT_3_Meth","PLANT_3_Area","PLANT_3_Date","PLANT_3_SP1","PLANT_3_NUM1","PLANT_3_SP2","PLANT_3_NUM2"
-626260000,"ME",NA,124,1982-10-01,"BU",NA,124,1984-09-01,3,NA,NA,NA,NA,NA,NA,NA,NA,NA,"PL",124,1985-06-01,NA,NA,NA,NA,"PL",30,1994-06-11,NA,NA,NA,NA,3,NA,NA,NA,NA,NA,NA,NA,NA
-626260000,"ME",NA,124,1982-10-01,"BU",NA,124,1984-09-01,3,NA,NA,NA,NA,NA,NA,NA,NA,NA,"PL",124,1985-06-01,NA,NA,NA,NA,"PL",30,1994-06-11,NA,NA,NA,NA,3,NA,NA,NA,NA,NA,NA,NA,NA
-626260000,"ME",NA,124,1982-10-01,"BU",NA,124,1984-09-01,3,NA,NA,NA,NA,NA,NA,NA,NA,NA,"PL",124,1985-06-01,NA,NA,NA,NA,"PL",30,1994-06-11,NA,NA,NA,NA,3,NA,NA,NA,NA,NA,NA,NA,NA
-626260000,"ME",NA,124,1982-10-01,"BU",NA,124,1984-09-01,3,NA,NA,NA,NA,NA,NA,NA,NA,NA,"PL",124,1985-06-01,NA,NA,NA,NA,"PL",30,1994-06-11,NA,NA,NA,NA,3,NA,NA,NA,NA,NA,NA,NA,NA
-624610000,"ME",NA,80,1990-10-01,"ME",NA,88,1984-09-01,2,NA,NA,NA,NA,NA,NA,NA,NA,NA,"PL",81.2,1991-06-01,NA,NA,NA,NA,NA,0,NA,NA,NA,NA,NA,1,NA,NA,NA,NA,NA,NA,NA,NA
-622830000,"BU",NA,9,1979-10-01,"BU",NA,43,1981-05-01,4,NA,NA,NA,NA,NA,NA,NA,NA,NA,"PL",21.6,1993-07-15,NA,NA,NA,NA,"FP",10.3,1999-06-04,NA,NA,NA,NA,3,NA,NA,NA,NA,NA,NA,NA,NA
-622580000,"BU",NA,166,1979-10-01,"ME",NA,32,1988-09-01,3,NA,NA,NA,NA,NA,NA,NA,NA,NA,"PL",32.2,1989-06-24,NA,NA,NA,NA,"PL",111,1980-05-01,NA,NA,NA,NA,3,NA,NA,NA,NA,NA,NA,NA,NA
-622580000,"BU",NA,166,1979-10-01,"ME",NA,32,1988-09-01,3,NA,NA,NA,NA,NA,NA,NA,NA,NA,"PL",32.2,1989-06-24,NA,NA,NA,NA,"PL",111,1980-05-01,NA,NA,NA,NA,3,NA,NA,NA,NA,NA,NA,NA,NA
-619730000,"ME",NA,5.9,1991-09-01,"BU",NA,133.5,1980-09-01,2,NA,NA,NA,NA,NA,NA,NA,NA,NA,"PL",5.9,1992-06-01,NA,NA,NA,NA,"FP",4.7,1996-05-21,NA,NA,NA,NA,3,NA,NA,NA,NA,NA,NA,NA,NA
-470450000,NA,NA,0,NA,NA,NA,0,NA,0,NA,NA,NA,NA,NA,NA,NA,NA,NA,NA,0,NA,NA,NA,NA,NA,NA,0,NA,NA,NA,NA,NA,0,NA,NA,NA,NA,NA,NA,NA,NA
7183,"ME",NA,2.7,1992-10-01,"BU",NA,54.7,1992-10-01,5,NA,NA,NA,NA,NA,NA,NA,NA,NA,"PL",21.9,1994-05-15,NA,NA,NA,NA,"PL",40.9,1993-06-15,NA,NA,NA,NA,3,NA,NA,NA,NA,NA,NA,NA,NA
7187,"ME",NA,3,1993-10-01,"ME",NA,31.6,1993-09-01,2,NA,NA,NA,NA,NA,NA,NA,NA,NA,"PL",73.7,1994-05-01,NA,NA,NA,NA,NA,0,NA,NA,NA,NA,NA,1,NA,NA,NA,NA,NA,NA,NA,NA
7188,"ME",NA,0.4,2001-07-01,"ME",NA,1,1992-10-01,3,NA,NA,NA,NA,NA,NA,NA,NA,NA,"PL",1,1993-06-01,NA,NA,NA,NA,"FP",1.1,2001-07-15,NA,NA,NA,NA,2,NA,NA,NA,NA,NA,NA,NA,NA
7189,"ME",NA,3.7,2001-07-01,"ME",NA,56.5,1992-10-01,3,NA,NA,NA,NA,NA,NA,NA,NA,NA,"PL",16.9,1993-06-06,NA,NA,NA,NA,"FP",27.5,2001-07-07,NA,NA,NA,NA,2,NA,NA,NA,NA,NA,NA,NA,NA
7190,"ME",NA,3.3,2001-07-01,"ME",NA,31.8,1993-09-01,4,NA,NA,NA,NA,NA,NA,NA,NA,NA,"PL",26.4,1994-05-15,NA,NA,NA,NA,"PL",6.5,1995-05-15,NA,NA,NA,NA,4,NA,NA,NA,NA,NA,NA,NA,NA
7191,"ME",NA,0.5,1996-11-01,"BU",NA,16,1996-10-01,4,NA,NA,NA,NA,NA,NA,NA,NA,NA,"PL",30.3,1997-06-01,NA,NA,NA,NA,NA,0,NA,NA,NA,NA,NA,1,NA,NA,NA,NA,NA,NA,NA,NA
7283,NA,NA,0,NA,NA,NA,0,NA,0,NA,NA,NA,NA,NA,NA,NA,NA,NA,"PL",53.7,1997-06-15,NA,NA,NA,NA,"RP",8,1999-06-01,NA,NA,NA,NA,3,NA,NA,NA,NA,NA,NA,NA,NA
7284,"BU",NA,18.7,1996-07-01,"ME",NA,18.7,1996-07-01,3,NA,NA,NA,NA,NA,NA,NA,NA,NA,"PL",19.1,1997-06-01,NA,NA,NA,NA,NA,0,NA,NA,NA,NA,NA,1,NA,NA,NA,NA,NA,NA,NA,NA
10606,"ME",NA,50,1991-10-01,NA,NA,0,NA,1,NA,NA,NA,NA,NA,NA,NA,NA,NA,"FP",0.4,1997-06-01,NA,NA,NA,NA,"PL",56.2,1992-05-01,NA,NA,NA,NA,2,NA,NA,NA,NA,NA,NA,NA,NA
10607,"ME",NA,0.5,1996-07-01,"ME",NA,68,1991-10-01,2,NA,NA,NA,NA,NA,NA,NA,NA,NA,"FP",0.7,1997-06-01,NA,NA,NA,NA,"FP",0.2,1997-06-01,NA,NA,NA,NA,4,NA,NA,NA,NA,NA,NA,NA,NA
10610,"ME",NA,26.8,1993-08-01,NA,NA,0,NA,1,NA,NA,NA,NA,NA,NA,NA,NA,NA,"FP",2.6,1997-06-01,NA,NA,NA,NA,"PL",27.4,1994-06-01,NA,NA,NA,NA,2,NA,NA,NA,NA,NA,NA,NA,NA
10611,"ME",NA,72,1994-08-01,"ME",NA,82.2,1994-08-01,4,NA,NA,NA,NA,NA,NA,NA,NA,NA,"FP",0.8,1998-05-01,NA,NA,NA,NA,"PL",1.5,1995-05-01,NA,NA,NA,NA,4,NA,NA,NA,NA,NA,NA,NA,NA
10615,"ME",NA,57.3,1995-10-01,NA,NA,0,NA,1,NA,NA,NA,NA,NA,NA,NA,NA,NA,"FP",1.7,2001-06-05,NA,NA,NA,NA,"PL",72.2,1996-06-01,NA,NA,NA,NA,2,NA,NA,NA,NA,NA,NA,NA,NA
10616,"ME",NA,52.8,1993-09-01,"ME",NA,5.2,1993-10-01,3,NA,NA,NA,NA,NA,NA,NA,NA,NA,"FP",2.9,1997-06-01,NA,NA,NA,NA,"FP",3,1997-06-01,NA,NA,NA,NA,7,NA,NA,NA,NA,NA,NA,NA,NA
10619,"ME",NA,54,1994-08-01,"ME",NA,52,1994-08-01,4,NA,NA,NA,NA,NA,NA,NA,NA,NA,"PL",2.8,1995-05-01,NA,NA,NA,NA,"PL",30.1,1995-05-01,NA,NA,NA,NA,3,NA,NA,NA,NA,NA,NA,NA,NA
10626,"ME",NA,87,1992-08-01,NA,NA,0,NA,1,NA,NA,NA,NA,NA,NA,NA,NA,NA,"FP",1.5,1997-05-01,NA,NA,NA,NA,"PL",86.6,1993-05-01,NA,NA,NA,NA,2,NA,NA,NA,NA,NA,NA,NA,NA
10627,"ME",NA,23.6,1993-08-01,NA,NA,0,NA,1,NA,NA,NA,NA,NA,NA,NA,NA,NA,"PL",24.1,1994-06-01,NA,NA,NA,NA,NA,0,NA,NA,NA,NA,NA,1,NA,NA,NA,NA,NA,NA,NA,NA
10628,"ME",NA,48.4,1993-08-01,"ME",NA,47,1993-08-01,2,NA,NA,NA,NA,NA,NA,NA,NA,NA,"PL",49.3,1994-06-01,NA,NA,NA,NA,"FP",0.2,1997-05-01,NA,NA,NA,NA,2,NA,NA,NA,NA,NA,NA,NA,NA
29292,"ME",NA,43.4,1991-07-01,NA,NA,0,NA,1,NA,NA,NA,NA,NA,NA,NA,NA,NA,"PL",43.4,1992-05-01,NA,NA,NA,NA,NA,0,NA,NA,NA,NA,NA,1,NA,NA,NA,NA,NA,NA,NA,NA
29293,"ME",NA,42.3,1991-07-01,"ME",NA,1,1995-11-01,2,NA,NA,NA,NA,NA,NA,NA,NA,NA,"PL",42.3,1992-05-01,NA,NA,NA,NA,"PL",1,1996-05-01,NA,NA,NA,NA,3,NA,NA,NA,NA,NA,NA,NA,NA
29294,"ME",NA,0.7,1995-11-01,"ME",NA,1.4,1997-09-01,3,NA,NA,NA,NA,NA,NA,NA,NA,NA,"PL",73.1,1992-05-01,NA,NA,NA,NA,"FP",3.2,1995-05-01,NA,NA,NA,NA,4,NA,NA,NA,NA,NA,NA,NA,NA
29304,NA,NA,0,NA,NA,NA,0,NA,0,NA,NA,NA,NA,NA,NA,NA,NA,NA,"PL",24.4,1993-06-01,NA,NA,NA,NA,"FP",0.4,1996-06-01,NA,NA,NA,NA,2,NA,NA,NA,NA,NA,NA,NA,NA
29305,"ME",NA,31.7,1993-09-01,NA,NA,0,NA,1,NA,NA,NA,NA,NA,NA,NA,NA,NA,"PL",31.7,1994-05-01,NA,NA,NA,NA,NA,0,NA,NA,NA,NA,NA,1,NA,NA,NA,NA,NA,NA,NA,NA
29306,NA,NA,0,NA,NA,NA,0,NA,0,NA,NA,NA,NA,NA,NA,NA,NA,NA,"FP",1,1996-05-01,NA,NA,NA,NA,"PL",40.7,1993-06-01,NA,NA,NA,NA,2,NA,NA,NA,NA,NA,NA,NA,NA
29307,"ME",NA,54.2,1993-09-01,NA,NA,0,NA,1,NA,NA,NA,NA,NA,NA,NA,NA,NA,"PL",58.1,1994-05-01,NA,NA,NA,NA,NA,0,NA,NA,NA,NA,NA,1,NA,NA,NA,NA,NA,NA,NA,NA
29309,"ME",NA,35,1993-09-01,NA,NA,0,NA,1,NA,NA,NA,NA,NA,NA,NA,NA,NA,"PL",35,1994-05-01,NA,NA,NA,NA,NA,0,NA,NA,NA,NA,NA,1,NA,NA,NA,NA,NA,NA,NA,NA
29310,"ME",NA,3.8,1996-10-01,"ME",NA,81,1993-09-01,4,NA,NA,NA,NA,NA,NA,NA,NA,NA,"PL",91.5,1994-05-01,NA,NA,NA,NA,"PL",3.8,1997-05-01,NA,NA,NA,NA,2,NA,NA,NA,NA,NA,NA,NA,NA
29321,"ME",NA,1,1993-12-01,"ME",NA,59.7,1994-10-01,2,NA,NA,NA,NA,NA,NA,NA,NA,NA,"PL",60.4,1995-05-01,NA,NA,NA,NA,NA,0,NA,NA,NA,NA,NA,1,NA,NA,NA,NA,NA,NA,NA,NA
43610,"ME",NA,42.9,1997-09-01,NA,NA,0,NA,1,NA,NA,NA,NA,NA,NA,NA,NA,NA,"PL",41.9,1999-06-23,NA,NA,NA,NA,"PL",7.9,1999-06-23,NA,NA,NA,NA,2,NA,NA,NA,NA,NA,NA,NA,NA
45844,"ME",NA,36.8,1996-08-01,NA,NA,0,NA,1,NA,NA,NA,NA,NA,NA,NA,NA,NA,"PL",11.6,1997-05-01,NA,NA,NA,NA,"PL",0.2,1997-05-01,NA,NA,NA,NA,3,NA,NA,NA,NA,NA,NA,NA,NA
45848,NA,NA,0,NA,NA,NA,0,NA,0,NA,NA,NA,NA,NA,NA,NA,NA,NA,"FP",0.4,2003-05-30,NA,NA,NA,NA,"PL",20.1,1997-05-01,NA,NA,NA,NA,3,NA,NA,NA,NA,NA,NA,NA,NA
53367,"ME",NA,35.5,1995-11-01,NA,NA,0,NA,1,NA,NA,NA,NA,NA,NA,NA,NA,NA,"PL",38.1,1996-05-01,NA,NA,NA,NA,"FP",1.2,1999-05-31,NA,NA,NA,NA,2,NA,NA,NA,NA,NA,NA,NA,NA
53369,"ME",NA,50.6,1995-10-01,NA,NA,0,NA,1,NA,NA,NA,NA,NA,NA,NA,NA,NA,"PL",54.7,1996-05-01,NA,NA,NA,NA,"PL",0.3,1996-05-01,NA,NA,NA,NA,2,NA,NA,NA,NA,NA,NA,NA,NA
53370,"ME",NA,54.1,1995-11-01,"ME",NA,2.7,1995-10-01,2,NA,NA,NA,NA,NA,NA,NA,NA,NA,"PL",54.1,1996-05-01,NA,NA,NA,NA,"PL",2.9,1996-05-01,NA,NA,NA,NA,2,NA,NA,NA,NA,NA,NA,NA,NA
56702,NA,NA,0,NA,NA,NA,0,NA,0,NA,NA,NA,NA,NA,NA,NA,NA,NA,"FP",0.3,2005-06-06,NA,NA,NA,NA,"PL",0.5,1999-06-01,NA,NA,NA,NA,3,NA,NA,NA,NA,NA,NA,NA,NA
62812,"ME",NA,19,1999-05-30,"ME",NA,2.6,1999-05-30,2,NA,NA,NA,NA,NA,NA,NA,NA,NA,"PL",23.1,2000-05-01,NA,NA,NA,NA,NA,0,NA,NA,NA,NA,NA,1,NA,NA,NA,NA,NA,NA,NA,NA
62820,"ME",NA,32.5,1999-06-30,"ME",NA,1.6,1999-06-30,2,NA,NA,NA,NA,NA,NA,NA,NA,NA,"PL",40.9,2000-06-01,NA,NA,NA,NA,NA,0,NA,NA,NA,NA,NA,1,NA,NA,NA,NA,NA,NA,NA,NA
62821,"ME",NA,11.9,1999-05-30,"ME",NA,3.4,1999-05-30,2,NA,NA,NA,NA,NA,NA,NA,NA,NA,"PL",3.8,1999-06-01,NA,NA,NA,NA,"PL",3,1999-06-01,NA,NA,NA,NA,4,NA,NA,NA,NA,NA,NA,NA,NA
62823,"ME",NA,38.7,1999-06-30,NA,NA,0,NA,1,NA,NA,NA,NA,NA,NA,NA,NA,NA,"PL",48.2,2000-05-01,NA,NA,NA,NA,NA,0,NA,NA,NA,NA,NA,1,NA,NA,NA,NA,NA,NA,NA,NA
63067,"ME",NA,2.1,1997-09-01,"ME",NA,26.9,1997-09-01,2,NA,NA,NA,NA,NA,NA,NA,NA,NA,"PL",26.9,1998-05-01,NA,NA,NA,NA,"FP",29,1999-05-31,NA,NA,NA,NA,3,NA,NA,NA,NA,NA,NA,NA,NA
63108,"ME",NA,23.1,1997-09-01,NA,NA,0,NA,1,NA,NA,NA,NA,NA,NA,NA,NA,NA,"PL",0.5,1998-05-01,NA,NA,NA,NA,"FP",3.4,1999-05-31,NA,NA,NA,NA,3,NA,NA,NA,NA,NA,NA,NA,NA
63113,"ME",NA,0.4,1997-10-01,"ME",NA,38.7,1997-10-01,2,NA,NA,NA,NA,NA,NA,NA,NA,NA,"PL",0.2,1998-05-01,NA,NA,NA,NA,"FP",1.8,1999-05-31,NA,NA,NA,NA,4,NA,NA,NA,NA,NA,NA,NA,NA
68364,"ME",NA,2.7,1999-05-30,"ME",NA,46.6,1999-06-30,2,NA,NA,NA,NA,NA,NA,NA,NA,NA,"PL",54.7,2000-05-01,NA,NA,NA,NA,NA,0,NA,NA,NA,NA,NA,1,NA,NA,NA,NA,NA,NA,NA,NA
68374,"ME",NA,30.5,1999-05-30,"ME",NA,12,1999-06-30,2,NA,NA,NA,NA,NA,NA,NA,NA,NA,"PL",57.9,2000-05-01,NA,NA,NA,NA,NA,0,NA,NA,NA,NA,NA,1,NA,NA,NA,NA,NA,NA,NA,NA
75593,NA,NA,0,NA,NA,NA,0,NA,0,NA,NA,NA,NA,NA,NA,NA,NA,NA,NA,0,NA,NA,NA,NA,NA,NA,0,NA,NA,NA,NA,NA,0,NA,NA,NA,NA,NA,NA,NA,NA
75594,"ME",NA,28.8,1999-09-01,NA,NA,0,NA,1,NA,NA,NA,NA,NA,NA,NA,NA,NA,NA,0,NA,NA,NA,NA,NA,"RP",31.6,2003-05-05,NA,NA,NA,NA,3,NA,NA,NA,NA,NA,NA,NA,NA
75595,"ME",NA,29.7,1999-09-01,NA,NA,0,NA,1,NA,NA,NA,NA,NA,NA,NA,NA,NA,"PL",30.1,2000-05-01,NA,NA,NA,NA,NA,0,NA,NA,NA,NA,NA,1,NA,NA,NA,NA,NA,NA,NA,NA
79683,NA,NA,0,NA,NA,NA,0,NA,0,NA,NA,NA,NA,NA,NA,NA,NA,NA,"PL",4.3,2000-05-01,NA,NA,NA,NA,NA,0,NA,NA,NA,NA,NA,1,NA,NA,NA,NA,NA,NA,NA,NA
79684,NA,NA,0,NA,NA,NA,0,NA,0,NA,NA,NA,NA,NA,NA,NA,NA,NA,"PL",2,2000-05-01,NA,NA,NA,NA,NA,0,NA,NA,NA,NA,NA,1,NA,NA,NA,NA,NA,NA,NA,NA
81927,"ME",NA,18.5,1999-09-01,NA,NA,0,NA,1,NA,NA,NA,NA,NA,NA,NA,NA,NA,"PL",26.3,2000-05-01,NA,NA,NA,NA,NA,0,NA,NA,NA,NA,NA,1,NA,NA,NA,NA,NA,NA,NA,NA
81928,NA,NA,0,NA,NA,NA,0,NA,0,NA,NA,NA,NA,NA,NA,NA,NA,NA,"PL",28,2000-05-01,NA,NA,NA,NA,NA,0,NA,NA,NA,NA,NA,1,NA,NA,NA,NA,NA,NA,NA,NA
81929,"ME",NA,30.6,2000-09-01,NA,NA,0,NA,1,NA,NA,NA,NA,NA,NA,NA,NA,NA,"PL",5.1,2002-05-28,NA,NA,NA,NA,NA,0,NA,NA,NA,NA,NA,1,NA,NA,NA,NA,NA,NA,NA,NA
85334,"ME",NA,1.7,2000-09-26,NA,NA,0,NA,1,NA,NA,NA,NA,NA,NA,NA,NA,NA,"PL",32.3,2001-05-25,NA,NA,NA,NA,NA,0,NA,NA,NA,NA,NA,1,NA,NA,NA,NA,NA,NA,NA,NA
85335,NA,NA,0,NA,NA,NA,0,NA,0,NA,NA,NA,NA,NA,NA,NA,NA,NA,"PL",28.8,2001-05-29,NA,NA,NA,NA,NA,0,NA,NA,NA,NA,NA,1,NA,NA,NA,NA,NA,NA,NA,NA
85356,"ME",NA,12,2001-10-01,NA,NA,0,NA,1,NA,NA,NA,NA,NA,NA,NA,NA,NA,"PL",3.1,2004-05-23,NA,NA,NA,NA,"PL",12,2002-06-15,NA,NA,NA,NA,2,NA,NA,NA,NA,NA,NA,NA,NA
101316,NA,NA,0,NA,NA,NA,0,NA,0,NA,NA,NA,NA,NA,NA,NA,NA,NA,"FP",3.7,2007-05-01,NA,NA,NA,NA,"PL",5.9,2003-05-01,NA,NA,NA,NA,2,NA,NA,NA,NA,NA,NA,NA,NA
103285,NA,NA,0,NA,NA,NA,0,NA,0,NA,NA,NA,NA,NA,NA,NA,NA,NA,NA,0,NA,NA,NA,NA,NA,"PL",10.2,2003-05-01,NA,NA,NA,NA,2,NA,NA,NA,NA,NA,NA,NA,NA
103813,NA,NA,0,NA,NA,NA,0,NA,0,NA,NA,NA,NA,NA,NA,NA,NA,NA,NA,0,NA,NA,NA,NA,NA,NA,0,NA,NA,NA,NA,NA,0,NA,NA,NA,NA,NA,NA,NA,NA
103825,NA,NA,0,NA,NA,NA,0,NA,0,NA,NA,NA,NA,NA,NA,NA,NA,NA,"PL",2.2,2005-06-05,NA,NA,NA,NA,NA,0,NA,NA,NA,NA,NA,1,NA,NA,NA,NA,NA,NA,NA,NA
103830,NA,NA,0,NA,NA,NA,0,NA,0,NA,NA,NA,NA,NA,NA,NA,NA,NA,"PL",1,2003-05-30,NA,NA,NA,NA,NA,0,NA,NA,NA,NA,NA,1,NA,NA,NA,NA,NA,NA,NA,NA
103869,NA,NA,0,NA,NA,NA,0,NA,0,NA,NA,NA,NA,NA,NA,NA,NA,NA,"PL",3.1,2003-05-30,NA,NA,NA,NA,NA,0,NA,NA,NA,NA,NA,1,NA,NA,NA,NA,NA,NA,NA,NA
103870,NA,NA,0,NA,NA,NA,0,NA,0,NA,NA,NA,NA,NA,NA,NA,NA,NA,"PL",1.3,2003-05-30,NA,NA,NA,NA,NA,0,NA,NA,NA,NA,NA,1,NA,NA,NA,NA,NA,NA,NA,NA
1001560,NA,NA,0,NA,NA,NA,0,NA,0,NA,NA,NA,NA,NA,NA,NA,NA,NA,"PL",1.4,2008-06-02,NA,NA,NA,NA,"PL",11.5,2003-06-01,NA,NA,NA,NA,3,NA,NA,NA,NA,NA,NA,NA,NA
1003443,NA,NA,0,NA,NA,NA,0,NA,0,NA,NA,NA,NA,NA,NA,NA,NA,NA,"PL",4.4,2005-06-11,NA,NA,NA,NA,"PL",18.1,2004-06-13,NA,NA,NA,NA,3,NA,NA,NA,NA,NA,NA,NA,NA
1003444,NA,NA,0,NA,NA,NA,0,NA,0,NA,NA,NA,NA,NA,NA,NA,NA,NA,"PL",2.4,2004-05-21,NA,NA,NA,NA,NA,0,NA,NA,NA,NA,NA,1,NA,NA,NA,NA,NA,NA,NA,NA
1003446,NA,NA,0,NA,NA,NA,0,NA,0,NA,NA,NA,NA,NA,NA,NA,NA,NA,"PL",0.4,2005-06-12,NA,NA,NA,NA,"PL",11.9,2003-05-30,NA,NA,NA,NA,2,NA,NA,NA,NA,NA,NA,NA,NA
1003453,NA,NA,0,NA,NA,NA,0,NA,0,NA,NA,NA,NA,NA,NA,NA,NA,NA,"PL",8.8,2004-06-18,NA,NA,NA,NA,NA,0,NA,NA,NA,NA,NA,1,NA,NA,NA,NA,NA,NA,NA,NA
1003455,NA,NA,0,NA,NA,NA,0,NA,0,NA,NA,NA,NA,NA,NA,NA,NA,NA,"FP",5.4,2008-06-20,NA,NA,NA,NA,"PL",3.7,2004-05-16,NA,NA,NA,NA,3,NA,NA,NA,NA,NA,NA,NA,NA
1003619,NA,NA,0,NA,NA,NA,0,NA,0,NA,NA,NA,NA,NA,NA,NA,NA,NA,"PL",1.8,2004-06-08,NA,NA,NA,NA,"PL",10.1,2003-05-30,NA,NA,NA,NA,2,NA,NA,NA,NA,NA,NA,NA,NA
1003620,NA,NA,0,NA,NA,NA,0,NA,0,NA,NA,NA,NA,NA,NA,NA,NA,NA,"PL",1.1,2005-06-07,NA,NA,NA,NA,"PL",6.5,2004-06-09,NA,NA,NA,NA,2,NA,NA,NA,NA,NA,NA,NA,NA
1003621,NA,NA,0,NA,NA,NA,0,NA,0,NA,NA,NA,NA,NA,NA,NA,NA,NA,"FP",1.3,2006-06-02,NA,NA,NA,NA,"PL",9.5,2003-05-30,NA,NA,NA,NA,2,NA,NA,NA,NA,NA,NA,NA,NA
1003622,NA,NA,0,NA,NA,NA,0,NA,0,NA,NA,NA,NA,NA,NA,NA,NA,NA,"FP",8.7,2008-06-11,NA,NA,NA,NA,"PL",9.2,2005-06-07,NA,NA,NA,NA,2,NA,NA,NA,NA,NA,NA,NA,NA
1003660,"ME",NA,6.3,2003-10-01,NA,NA,0,NA,1,NA,NA,NA,NA,NA,NA,NA,NA,NA,"PL",1.7,2005-06-10,NA,NA,NA,NA,"PL",6.3,2004-06-01,NA,NA,NA,NA,2,NA,NA,NA,NA,NA,NA,NA,NA
1003662,NA,NA,0,NA,NA,NA,0,NA,0,NA,NA,NA,NA,NA,NA,NA,NA,NA,"FP",10.2,2005-06-12,NA,NA,NA,NA,"PL",11.8,2004-05-23,NA,NA,NA,NA,2,NA,NA,NA,NA,NA,NA,NA,NA
1003683,NA,NA,0,NA,NA,NA,0,NA,0,NA,NA,NA,NA,NA,NA,NA,NA,NA,"PL",13.4,2004-06-04,NA,NA,NA,NA,NA,0,NA,NA,NA,NA,NA,1,NA,NA,NA,NA,NA,NA,NA,NA
1003942,NA,NA,0,NA,NA,NA,0,NA,0,NA,NA,NA,NA,NA,NA,NA,NA,NA,"PL",6.6,2004-06-13,NA,NA,NA,NA,NA,0,NA,NA,NA,NA,NA,1,NA,NA,NA,NA,NA,NA,NA,NA
1003951,NA,NA,0,NA,NA,NA,0,NA,0,NA,NA,NA,NA,NA,NA,NA,NA,NA,"PL",2.8,2005-05-31,NA,NA,NA,NA,NA,0,NA,NA,NA,NA,NA,1,NA,NA,NA,NA,NA,NA,NA,NA
1003959,NA,NA,0,NA,NA,NA,0,NA,0,NA,NA,NA,NA,NA,NA,NA,NA,NA,"PL",5.4,2004-06-09,NA,NA,NA,NA,NA,0,NA,NA,NA,NA,NA,1,NA,NA,NA,NA,NA,NA,NA,NA
1003960,NA,NA,0,NA,NA,NA,0,NA,0,NA,NA,NA,NA,NA,NA,NA,NA,NA,"PL",3.7,2004-06-09,NA,NA,NA,NA,NA,0,NA,NA,NA,NA,NA,1,NA,NA,NA,NA,NA,NA,NA,NA
1003961,NA,NA,0,NA,NA,NA,0,NA,0,NA,NA,NA,NA,NA,NA,NA,NA,NA,"PL",1.1,2004-06-13,NA,NA,NA,NA,NA,0,NA,NA,NA,NA,NA,1,NA,NA,NA,NA,NA,NA,NA,NA
1003975,NA,NA,0,NA,NA,NA,0,NA,0,NA,NA,NA,NA,NA,NA,NA,NA,NA,"PL",7.4,2004-06-13,NA,NA,NA,NA,NA,0,NA,NA,NA,NA,NA,1,NA,NA,NA,NA,NA,NA,NA,NA
1006830,NA,NA,0,NA,NA,NA,0,NA,0,NA,NA,NA,NA,NA,NA,NA,NA,NA,"PL",4.8,2005-06-04,NA,NA,NA,NA,NA,0,NA,NA,NA,NA,NA,1,NA,NA,NA,NA,NA,NA,NA,NA
1006831,NA,NA,0,NA,NA,NA,0,NA,0,NA,NA,NA,NA,NA,NA,NA,NA,NA,"PL",1.3,2004-06-16,NA,NA,NA,NA,"PL",11.2,2003-05-30,NA,NA,NA,NA,2,NA,NA,NA,NA,NA,NA,NA,NA
1006854,NA,NA,0,NA,NA,NA,0,NA,0,NA,NA,NA,NA,NA,NA,NA,NA,NA,"PL",6.8,2004-05-05,NA,NA,NA,NA,NA,0,NA,NA,NA,NA,NA,1,NA,NA,NA,NA,NA,NA,NA,NA
1006855,NA,NA,0,NA,NA,NA,0,NA,0,NA,NA,NA,NA,NA,NA,NA,NA,NA,"FP",2.3,2008-06-13,NA,NA,NA,NA,"PL",2.3,2006-05-30,NA,NA,NA,NA,3,NA,NA,NA,NA,NA,NA,NA,NA
1006856,NA,NA,0,NA,NA,NA,0,NA,0,NA,NA,NA,NA,NA,NA,NA,NA,NA,"PL",1.8,2006-05-30,NA,NA,NA,NA,"PL",4.2,2003-05-30,NA,NA,NA,NA,3,NA,NA,NA,NA,NA,NA,NA,NA
1006862,NA,NA,0,NA,NA,NA,0,NA,0,NA,NA,NA,NA,NA,NA,NA,NA,NA,"PL",6.6,2004-06-05,NA,NA,NA,NA,"PL",11.3,2006-06-02,NA,NA,NA,NA,2,NA,NA,NA,NA,NA,NA,NA,NA
1010524,NA,NA,0,NA,NA,NA,0,NA,0,NA,NA,NA,NA,NA,NA,NA,NA,NA,"PL",12.7,2005-05-31,NA,NA,NA,NA,NA,0,NA,NA,NA,NA,NA,1,NA,NA,NA,NA,NA,NA,NA,NA
1064939,NA,NA,0,NA,NA,NA,0,NA,0,NA,NA,NA,NA,NA,NA,NA,NA,NA,"PL",113.8,2007-05-01,NA,NA,NA,NA,NA,0,NA,NA,NA,NA,NA,1,NA,NA,NA,NA,NA,NA,NA,NA
1064940,"ME",NA,17.7,2006-10-01,NA,NA,0,NA,1,NA,NA,NA,NA,NA,NA,NA,NA,NA,"PL",27.5,2007-05-01,NA,NA,NA,NA,NA,0,NA,NA,NA,NA,NA,1,NA,NA,NA,NA,NA,NA,NA,NA
1162070,NA,NA,0,NA,NA,NA,0,NA,0,NA,NA,NA,NA,NA,NA,NA,NA,NA,"PL",11,2008-06-26,NA,NA,NA,NA,NA,0,NA,NA,NA,NA,NA,1,NA,NA,NA,NA,NA,NA,NA,NA
1162072,NA,NA,0,NA,NA,NA,0,NA,0,NA,NA,NA,NA,NA,NA,NA,NA,NA,"PL",54.2,2008-06-26,NA,NA,NA,NA,NA,0,NA,NA,NA,NA,NA,1,NA,NA,NA,NA,NA,NA,NA,NA
1261153,NA,NA,0,NA,NA,NA,0,NA,0,NA,NA,NA,NA,NA,NA,NA,NA,NA,"PL",22.6,2010-06-11,NA,NA,NA,NA,NA,0,NA,NA,NA,NA,NA,1,NA,NA,NA,NA,NA,NA,NA,NA
1265750,NA,NA,0,NA,NA,NA,0,NA,0,NA,NA,NA,NA,NA,NA,NA,NA,NA,"PL",34.1,2010-06-12,NA,NA,NA,NA,NA,0,NA,NA,NA,NA,NA,1,NA,NA,NA,NA,NA,NA,NA,NA
1321451,"ME",NA,2.6,2010-10-15,NA,NA,0,NA,1,NA,NA,NA,NA,NA,NA,NA,NA,NA,"PL",44.5,2011-06-09,NA,NA,NA,NA,NA,0,NA,NA,NA,NA,NA,1,NA,NA,NA,NA,NA,NA,NA,NA
1321931,NA,NA,0,NA,NA,NA,0,NA,0,NA,NA,NA,NA,NA,NA,NA,NA,NA,"PL",23.4,2011-06-07,NA,NA,NA,NA,NA,0,NA,NA,NA,NA,NA,1,NA,NA,NA,NA,NA,NA,NA,NA
1348510,NA,NA,0,NA,NA,NA,0,NA,0,NA,NA,NA,NA,NA,NA,NA,NA,NA,"PL",62.8,2012-06-17,NA,NA,NA,NA,NA,0,NA,NA,NA,NA,NA,1,NA,NA,NA,NA,NA,NA,NA,NA
1348691,NA,NA,0,NA,NA,NA,0,NA,0,NA,NA,NA,NA,NA,NA,NA,NA,NA,"PL",6.6,2012-06-19,NA,NA,NA,NA,NA,0,NA,NA,NA,NA,NA,1,NA,NA,NA,NA,NA,NA,NA,NA
1363990,NA,NA,0,NA,NA,NA,0,NA,0,NA,NA,NA,NA,NA,NA,NA,NA,NA,"PL",21.8,2012-06-20,NA,NA,NA,NA,NA,0,NA,NA,NA,NA,NA,1,NA,NA,NA,NA,NA,NA,NA,NA
1510291,"ME",NA,7.8,2012-09-25,"ME",NA,3.5,2013-06-20,2,NA,NA,NA,NA,NA,NA,NA,NA,NA,"PL",3.5,2015-05-22,NA,NA,NA,NA,NA,0,NA,NA,NA,NA,NA,1,NA,NA,NA,NA,NA,NA,NA,NA
1510292,"ME",NA,4.9,2013-06-13,"ME",NA,24.3,2012-09-24,2,NA,NA,NA,NA,NA,NA,NA,NA,NA,"PL",6.5,2015-05-22,NA,NA,NA,NA,NA,0,NA,NA,NA,NA,NA,1,NA,NA,NA,NA,NA,NA,NA,NA
1510293,"ME",NA,36.1,2012-09-25,"ME",NA,15.1,2013-06-19,2,NA,NA,NA,NA,NA,NA,NA,NA,NA,"PL",19,2015-05-22,NA,NA,NA,NA,NA,0,NA,NA,NA,NA,NA,1,NA,NA,NA,NA,NA,NA,NA,NA
1514910,"ME",NA,2.1,2013-11-20,"ME",NA,25.2,2012-09-23,2,NA,NA,NA,NA,NA,NA,NA,NA,NA,"RO",3.7,2016-05-02,NA,NA,NA,NA,"PL",2.5,2014-06-13,NA,NA,NA,NA,2,NA,NA,NA,NA,NA,NA,NA,NA
1514912,"ME",NA,11.2,2012-09-20,"ME",NA,0.3,2013-11-20,2,NA,NA,NA,NA,NA,NA,NA,NA,NA,"PL",0.6,2014-06-13,NA,NA,NA,NA,"RO",1.1,2016-05-02,NA,NA,NA,NA,2,NA,NA,NA,NA,NA,NA,NA,NA
1514914,"ME",NA,5.4,2013-06-11,"ME",NA,26.8,2012-09-27,2,NA,NA,NA,NA,NA,NA,NA,NA,NA,"FP",3.7,2016-05-12,NA,NA,NA,NA,"PL",8.5,2013-06-18,NA,NA,NA,NA,2,NA,NA,NA,NA,NA,NA,NA,NA
1514915,"ME",NA,19.9,2012-09-24,"ME",NA,1.4,2013-11-20,2,NA,NA,NA,NA,NA,NA,NA,NA,NA,"PL",1.8,2014-06-13,NA,NA,NA,NA,"FP",7.5,2016-05-12,NA,NA,NA,NA,2,NA,NA,NA,NA,NA,NA,NA,NA
1610235,"ME",NA,19.4,2015-08-27,"ME",NA,47,2015-08-27,2,NA,NA,NA,NA,NA,NA,NA,NA,NA,"FP",72.6,2019-05-11,NA,NA,NA,NA,"PL",72.6,2016-05-18,NA,NA,NA,NA,2,NA,NA,NA,NA,NA,NA,NA,NA
1610237,"ME",NA,69.2,2015-08-27,NA,NA,0,NA,1,NA,NA,NA,NA,NA,NA,NA,NA,NA,"PL",69.2,2016-05-18,NA,NA,NA,NA,"PL",11.8,2019-05-14,NA,NA,NA,NA,2,NA,NA,NA,NA,NA,NA,NA,NA
1610716,"ME",NA,47,2015-08-26,NA,NA,0,NA,1,NA,NA,NA,NA,NA,NA,NA,NA,NA,"PL",47,2016-05-18,NA,NA,NA,NA,NA,0,NA,NA,NA,NA,NA,1,NA,NA,NA,NA,NA,NA,NA,NA
1611797,"ME",NA,25.7,2014-06-24,"ME",NA,4.1,2014-06-23,3,NA,NA,NA,NA,NA,NA,NA,NA,NA,"PL",8.3,2015-05-24,NA,NA,NA,NA,NA,0,NA,NA,NA,NA,NA,1,NA,NA,NA,NA,NA,NA,NA,NA
1666520,NA,NA,0,NA,NA,NA,0,NA,0,NA,NA,NA,NA,NA,NA,NA,NA,NA,"PL",28.8,2018-06-21,NA,NA,NA,NA,NA,0,NA,NA,NA,NA,NA,1,NA,NA,NA,NA,NA,NA,NA,NA
1666541,NA,NA,0,NA,NA,NA,0,NA,0,NA,NA,NA,NA,NA,NA,NA,NA,NA,"PL",6.2,2017-06-21,NA,NA,NA,NA,"PL",79.1,2018-06-21,NA,NA,NA,NA,2,NA,NA,NA,NA,NA,NA,NA,NA
1666907,NA,NA,0,NA,NA,NA,0,NA,0,NA,NA,NA,NA,NA,NA,NA,NA,NA,"PL",185.4,2017-06-21,NA,NA,NA,NA,NA,0,NA,NA,NA,NA,NA,1,NA,NA,NA,NA,NA,NA,NA,NA
1666916,NA,NA,0,NA,NA,NA,0,NA,0,NA,NA,NA,NA,NA,NA,NA,NA,NA,"PL",47.5,2017-06-21,NA,NA,NA,NA,"PL",44.1,2018-06-21,NA,NA,NA,NA,2,NA,NA,NA,NA,NA,NA,NA,NA
1667529,"ME",NA,22,2017-10-10,"ME",NA,32.9,2017-07-02,2,NA,NA,NA,NA,NA,NA,NA,NA,NA,"PL",54.9,2018-06-01,NA,NA,NA,NA,NA,0,NA,NA,NA,NA,NA,1,NA,NA,NA,NA,NA,NA,NA,NA
1668480,NA,NA,0,NA,NA,NA,0,NA,0,NA,NA,NA,NA,NA,NA,NA,NA,NA,"PL",51.6,2016-06-21,NA,NA,NA,NA,"PL",6.8,2017-06-21,NA,NA,NA,NA,2,NA,NA,NA,NA,NA,NA,NA,NA
1670889,"ME",NA,13.5,2018-06-26,"ME",NA,1.1,2018-06-26,2,NA,NA,NA,NA,NA,NA,NA,NA,NA,"PL",2.5,2017-07-05,NA,NA,NA,NA,"PL",17.1,2019-05-18,NA,NA,NA,NA,2,NA,NA,NA,NA,NA,NA,NA,NA
1684063,NA,NA,0,NA,NA,NA,0,NA,0,NA,NA,NA,NA,NA,NA,NA,NA,NA,"PL",21.6,2017-05-20,NA,NA,NA,NA,NA,0,NA,NA,NA,NA,NA,1,NA,NA,NA,NA,NA,NA,NA,NA
