OPENING_ID,SITE_PREP_,SITEPr_1_Meth,SITE_PREP1,SITE_PRE_1,SITE_PRE_2,SITEPr_2_Meth,SITE_PRE_3,SITE_PRE_4,SITE_PRE_5,SITEPr_3_Type,SITEPr_3_Meth,SITEPr_3_Area,SITEPr_3_Date,SITEPr_4_Type,SITEPr_4_Meth,SITEPr_4_Area,SITEPr_4_Date,SITEPr_5_Type,SITEPr_5_Meth,SITEPr_5_Area,SITEPr_5_Date,SITEPr_6_Type,SITEPr_6_Meth,SITEPr_6_Area,SITEPr_6_Date,SITEPr_7_Type,SITEPr_7_Meth,SITEPr_7_Area,SITEPr_7_Date,SITEPr_8_Type,SITEPr_8_Meth,SITEPr_8_Area,SITEPr_8_Date,PLANTING_1,PLANTING_2,PLANTING_3,PLANT_1_SP1,PLANT_1_NUM2,PLANT_1_SP2,PLANT_1_NUM2,PLANT_1_SP3,PLANT_1_NUM3,PLANT_1_SP4,PLANT_1_NUM4,PLANT_1_SP5,PLANT_1_NUM5,PLANT_1_SP6,PLANT_1_NUM6,PLANT_1_SP7,PLANT_1_NUM7,PLANT_1_SP8,PLANT_1_NUM8,PLANTING_4,PLANTING_5,PLANTING_6,PLANT_2_SP1,PLANT_2_NUM1,PLANT_2_SP2,PLANT_2_NUM2,PLANT_2_SP3,PLANT_2_NUM3,PLANT_2_SP4,PLANT_2_NUM4,PLANT_2_SP5,PLANT_2_NUM5,PLANT_2_SP6,PLANT_2_NUM6,PLANT_2_SP7,PLANT_2_NUM7,PLANT_2_SP8,PLANT_2_NUM8,PLANT_2_SP9,PLANT_2_NUM9,PLANTING_C,PLANT_3_Type,PLANT_3_Meth,PLANT_3_Area,PLANT_3_Date,PLANT_3_SP1,PLANT_3_NUM1,PLANT_3_SP2,PLANT_3_NUM2,PLANT_3_SP3,PLANT_3_NUM3,PLANT_3_SP4,PLANT_3_NUM4,PLANT_3_SP5,PLANT_3_NUM5,PLANT_3_SP6,PLANT_3_NUM6,PLANT_3_SP7,PLANT_3_NUM7,PLANT_4_Type,PLANT_4_Meth,PLANT_4_Area,PLANT_4_Date,PLANT_4_SP1,PLANT_4_NUM1,PLANT_4_SP2,PLANT_4_NUM2,PLANT_4_SP3,PLANT_4_NUM3,PLANT_5_Type,PLANT_5_Meth,PLANT_5_Area,PLANT_5_Date,PLANT_5_SP1,PLANT_5_NUM1,PLANT_5_SP2,PLANT_5_NUM2,PLANT_6_Type,PLANT_6_Meth,PLANT_6_Area,PLANT_6_Date,PLANT_6_SP1,PLANT_6_NUM1,PLANT_6_SP2,PLANT_6_NUM2
-632500000,0,NA,0,NA,NA,NA,0,NA,0,NA,NA,NA,NA,NA,NA,NA,NA,,,,,,,,,,,,,,,,,NA,0,NA,NA,NA,NA,NA,,,,,,,,,,,,,NA,0,NA,NA,NA,NA,NA,,,,,,,,,,,,,,,0,NA,NA,NA,NA,NA,NA,NA,NA,,,,,,,,,,,,,,,,,,,,,,,,,,,,,,,,,,,,
-632350000,ME,TRAIL,17,01/10/1990,ME,TRAIL,12,01/10/1984,5,ME,MOUND,1,01/05/1991,ME,CHAIN,28,01/10/1984,BU,LAND,2,01/12/1984,,,,,,,,,,,,,PL,17,24/05/1991,PLI,18000,NA,NA,,,,,,,,,,,,,PL,4,01/06/1986,SX,7000,NA,NA,,,,,,,,,,,,,,,3,PL,PL,8,01/05/1985,PLI,12000,NA,NA,,,,,,,,,,,,,,,,,,,,,,,,,,,,,,,,,,,,
-629020000,0,NA,0,NA,NA,NA,0,NA,0,NA,NA,NA,NA,NA,NA,NA,NA,,,,,,,,,,,,,,,,,NA,0,NA,NA,NA,NA,NA,,,,,,,,,,,,,NA,0,NA,NA,NA,NA,NA,,,,,,,,,,,,,,,0,NA,NA,NA,NA,NA,NA,NA,NA,,,,,,,,,,,,,,,,,,,,,,,,,,,,,,,,,,,,
-627890000,0,NA,0,NA,NA,NA,0,NA,0,NA,NA,NA,NA,NA,NA,NA,NA,,,,,,,,,,,,,,,,,NA,0,NA,NA,NA,NA,NA,,,,,,,,,,,,,NA,0,NA,NA,NA,NA,NA,,,,,,,,,,,,,,,0,NA,NA,NA,NA,NA,NA,NA,NA,,,,,,,,,,,,,,,,,,,,,,,,,,,,,,,,,,,,
-626040000,ME,TRAIL,66.6,01/06/1987,ME,MOUND,1,01/11/1991,3,BU,LAND,66.6,01/11/1987,NA,NA,NA,NA,,,,,,,,,,,,,,,,,PL,1,01/05/1992,SW,1000,NA,NA,,,,,,,,,,,,,PL,66.6,01/06/1989,PLI,98000,NA,NA,,,,,,,,,,,,,,,2,NA,NA,NA,NA,NA,NA,NA,NA,,,,,,,,,,,,,,,,,,,,,,,,,,,,,,,,,,,,
-626030000,BU,PBURN,22,01/03/1985,ME,TRAIL,22,01/09/1986,4,ME,MOUND,22,01/11/1991,BU,LAND,22,01/11/1985,,,,,,,,,,,,,,,,,PL,54,01/06/1987,SW,63000,PLI,0,,,,,,,,,,,,,PL,22,01/06/1989,PLI,3000,NA,NA,,,,,,,,,,,,,,,3,PL,PL,22,01/05/1992,SW,4000,PLI,0,,,,,,,,,,,,,,,,,,,,,,,,,,,,,,,,,,,,
-626020000,BU,BROAD,102,01/10/1986,ME,TRAIL,6,01/01/1991,3,ME,WINDR,26,01/02/1988,NA,NA,NA,NA,,,,,,,,,,,,,,,,,PL,122.5,01/05/1988,PLI,129000,NA,NA,,,,,,,,,,,,,PL,6,01/05/1991,SW,7000,PLI,0,,,,,,,,,,,,,,,3,PL,PL,8,01/05/1989,PLI,10000,NA,NA,,,,,,,,,,,,,,,,,,,,,,,,,,,,,,,,,,,,
-621170000,ME,TRAIL,29,01/09/1983,NA,NA,0,NA,1,NA,NA,NA,NA,NA,NA,NA,NA,,,,,,,,,,,,,,,,,PL,29,01/05/1984,PLI,45000,NA,NA,,,,,,,,,,,,,NA,0,NA,NA,NA,NA,NA,,,,,,,,,,,,,,,1,NA,NA,NA,NA,NA,NA,NA,NA,,,,,,,,,,,,,,,,,,,,,,,,,,,,,,,,,,,,
-621140000,ME,TRAIL,22,01/09/1981,ME,TRAIL,20,01/10/1983,4,BU,LAND,2,01/12/1981,ME,TRAIL,9,01/05/1990,,,,,,,,,,,,,,,,,PL,21,01/05/1982,PLI,37000,SX,0,,,,,,,,,,,,,PL,18,01/05/1984,PLI,28000,NA,NA,,,,,,,,,,,,,,,3,PL,PL,9,01/06/1990,PLI,12000,NA,NA,,,,,,,,,,,,,,,,,,,,,,,,,,,,,,,,,,,,
-621110000,ME,TRAIL,38.4,01/09/1982,ME,CHAIN,32,01/09/1982,4,BU,LAND,3,01/10/1982,ME,TRAIL,32,01/09/1986,,,,,,,,,,,,,,,,,PL,38.4,01/05/1983,PLI,62000,NA,NA,,,,,,,,,,,,,PL,7,01/05/1988,PLI,7000,NA,NA,,,,,,,,,,,,,,,3,PL,PL,32,01/05/1989,PLI,0,NA,NA,,,,,,,,,,,,,,,,,,,,,,,,,,,,,,,,,,,,
-621070000,ME,MOUND,1,01/04/1992,ME,TRAIL,41,01/09/1986,5,BU,LAND,3,01/12/1986,BU,LAND,3,01/10/1982,ME,CHAIN,47,01/09/1982,,,,,,,,,,,,,PL,37,01/05/1988,PLI,36000,NA,NA,,,,,,,,,,,,,PL,1,01/05/1992,SW,1200,NA,NA,,,,,,,,,,,,,,,3,PL,PL,2,01/05/1989,PLI,2000,NA,NA,,,,,,,,,,,,,,,,,,,,,,,,,,,,,,,,,,,,
-621050000,ME,MOUND,4,01/04/1992,BU,BROAD,78,01/09/1983,3,ME,MOUND,16,01/05/1991,NA,NA,NA,NA,,,,,,,,,,,,,,,,,PL,3,01/05/1985,PLI,5000,NA,NA,,,,,,,,,,,,,PL,14,01/05/1989,PLI,20000,NA,NA,,,,,,,,,,,,,,,6,PL,PL,4,01/05/1992,SW,5000,NA,NA,,,,,,,,,,,PL,PL,16,01/05/1991,SW,14000,,,,,PL,PL,36,01/06/1987,PLI,57000,,,PL,PL,25,01/05/1985,PLI,44000,,
-587550000,BU,PBURN,7,01/05/1984,NA,NA,0,NA,1,NA,NA,NA,NA,NA,NA,NA,NA,,,,,,,,,,,,,,,,,PL,7,01/03/1985,PLI,7000,NA,NA,,,,,,,,,,,,,NA,0,NA,NA,NA,NA,NA,,,,,,,,,,,,,,,1,NA,NA,NA,NA,NA,NA,NA,NA,,,,,,,,,,,,,,,,,,,,,,,,,,,,,,,,,,,,
-587300000,ME,TRAIL,3,01/08/1988,ME,CHAIN,3,01/01/1979,3,BU,LAND,44,01/01/1979,NA,NA,NA,NA,,,,,,,,,,,,,,,,,PL,2,01/06/1985,PLI,3000,NA,NA,,,,,,,,,,,,,PL,13,01/05/1984,PLI,16000,SX,0,,,,,,,,,,,,,,,3,PL,PL,3,01/05/1989,SX,5000,NA,NA,,,,,,,,,,,,,,,,,,,,,,,,,,,,,,,,,,,,
-575490000,ME,TRAIL,58,01/07/1993,GS,ROADS,69.9,15/05/1993,2,NA,NA,NA,NA,NA,NA,NA,NA,,,,,,,,,,,,,,,,,PL,58.7,04/06/1994,PLI,51480,SX,15120,,,,,,,,,,,,,NA,0,NA,NA,NA,NA,NA,,,,,,,,,,,,,,,1,NA,NA,NA,NA,NA,NA,NA,NA,,,,,,,,,,,,,,,,,,,,,,,,,,,,,,,,,,,,
-575480000,GS,ROADS,2.7,15/05/1993,ME,TRAIL,44,01/07/1993,2,NA,NA,NA,NA,NA,NA,NA,NA,,,,,,,,,,,,,,,,,PL,55,06/06/1994,PLI,66600,SX,6750,,,,,,,,,,,,,SX,14650,NA,NA,NA,NA,NA,,,,,,,,,,,,,,,1,NA,NA,NA,NA,NA,NA,NA,NA,,,,,,,,,,,,,,,,,,,,,,,,,,,,,,,,,,,,
-573880000,0,NA,0,NA,NA,NA,0,NA,0,NA,NA,NA,NA,NA,NA,NA,NA,,,,,,,,,,,,,,,,,PL,3,01/05/1992,PLI,6000,NA,NA,,,,,,,,,,,,,PL,3.3,30/06/2014,SX,5355,NA,NA,,,,,,,,,,,,,,,5,PL,FP,3.3,15/06/2004,PLI,600,SX,1200,SX,2100,,,,,,,,,PL,FP,3.3,30/06/2016,SX,2635,PLI,2280,FDI,1395,,,,,,,,,,,,,,,,
-573570000,BU,LAND,62,01/01/1974,BU,LAND,22,01/01/1974,3,ME,TRAIL,19,01/08/1988,NA,NA,NA,NA,,,,,,,,,,,,,,,,,PL,19,01/05/1989,PLI,27000,NA,NA,,,,,,,,,,,,,NA,0,NA,NA,NA,NA,NA,,,,,,,,,,,,,,,1,NA,NA,NA,NA,NA,NA,NA,NA,,,,,,,,,,,,,,,,,,,,,,,,,,,,,,,,,,,,
1706,0,NA,0,NA,NA,NA,0,NA,0,NA,NA,NA,NA,NA,NA,NA,NA,,,,,,,,,,,,,,,,,NA,0,NA,NA,NA,NA,NA,,,,,,,,,,,,,NA,0,NA,NA,NA,NA,NA,,,,,,,,,,,,,,,0,NA,NA,NA,NA,NA,NA,NA,NA,,,,,,,,,,,,,,,,,,,,,,,,,,,,,,,,,,,,
11421,ME,NA,12,01/04/1992,ME,NA,3.3,01/09/1992,8,ME,MOUND,2.7,01/05/1998,ME,NA,11.3,01/08/1990,ME,NA,10.9,01/10/1990,ME,NA,4,01/02/1991,ME,NA,01/10/1991,69.3,ME,NA,01/11/1991,62.1,PL,93.9,01/06/1993,PLI,115337,SX,300,,,,,,,,,,,,,FP,2.7,01/05/1999,PLI,3150,NA,NA,,,,,,,,,,,,,,,3,PL,PL,61.2,01/05/1992,PLI,18400,SW,56920,,,,,,,,,,,,,,,,,,,,,,,,,,,,,,,,,,,,
11422,ME,NA,74.1,01/09/1992,ME,NA,17,01/10/1992,2,NA,NA,NA,NA,NA,NA,NA,NA,,,,,,,,,,,,,,,,,PL,93.7,01/06/1993,PLI,109490,SX,4365,,,,,,,,,,,,,NA,0,NA,NA,NA,NA,NA,,,,,,,,,,,,,,,1,NA,NA,NA,NA,NA,NA,NA,NA,,,,,,,,,,,,,,,,,,,,,,,,,,,,,,,,,,,,
11424,ME,DISC,3.8,01/06/1993,ME,NA,59.5,01/09/1992,5,ME,NA,18.6,01/10/1992,ME,DITCH,0.4,01/05/1998,ME,MOUND,0.4,01/05/1998,,,,,,,,,,,,,FP,3.8,01/05/1995,PLI,4493,SX,930,,,,,,,,,,,,,FP,0.4,01/05/1996,PLI,460,NA,NA,,,,,,,,,,,,,,,4,PL,FP,0.4,30/05/1999,PLI,450,NA,NA,,,,,,,,,,,PL,PL,82,01/06/1993,PLI,85120,SX,15515,,,,,,,,,,,,,,,,,,
11595,ME,DISC,1.6,01/08/1996,NA,NA,0,NA,1,NA,NA,NA,NA,NA,NA,NA,NA,,,,,,,,,,,,,,,,,PL,1.6,01/05/1997,PLI,1920,NA,NA,,,,,,,,,,,,,NA,0,NA,NA,NA,NA,NA,,,,,,,,,,,,,,,1,NA,NA,NA,NA,NA,NA,NA,NA,,,,,,,,,,,,,,,,,,,,,,,,,,,,,,,,,,,,
43509,0,NA,0,NA,NA,NA,0,NA,0,NA,NA,NA,NA,NA,NA,NA,NA,,,,,,,,,,,,,,,,,PL,11,21/05/1997,PLI,31880,PLI,24140,,,,,,,,,,,,,PL,2.8,25/06/1998,PLI,2880,NA,NA,,,,,,,,,,,,,,,2,NA,NA,NA,NA,NA,NA,NA,NA,,,,,,,,,,,,,,,,,,,,,,,,,,,,,,,,,,,,
43624,ME,MOUND,4.8,22/10/1999,ME,DISC,31.9,22/10/1999,3,ME,DISC,17.8,22/10/1990,NA,NA,NA,NA,,,,,,,,,,,,,,,,,PL,4.8,10/06/2000,SX,6585,NA,NA,,,,,,,,,,,,,PL,1.8,10/06/2000,PLI,3960,NA,NA,,,,,,,,,,,,,,,3,PL,PL,48.7,10/06/2000,PLI,31260,PLI,56400,,,,,,,,,,,,,,,,,,,,,,,,,,,,,,,,,,,,
43648,ME,DISC,21.2,01/10/1997,ME,MOUND,6.3,27/09/1997,2,NA,NA,NA,NA,NA,NA,NA,NA,,,,,,,,,,,,,,,,,PL,2.8,23/06/1999,NA,NA,NA,NA,,,,,,,,,,,,,PL,3.5,23/06/1999,NA,NA,NA,NA,,,,,,,,,,,,,,,4,PL,PL,21.2,23/06/1999,NA,NA,NA,NA,,,,,,,,,,,PL,PL,7,23/06/1999,,,,,,,,,,,,,,,,,,,,,,
43776,ME,DISC,17.4,01/10/1997,ME,MOUND,3.2,29/10/1997,2,NA,NA,NA,NA,NA,NA,NA,NA,,,,,,,,,,,,,,,,,PL,17.4,23/06/1999,NA,NA,NA,NA,,,,,,,,,,,,,PL,3.7,18/06/1998,NA,NA,NA,NA,,,,,,,,,,,,,,,4,PL,PL,3.2,18/06/1998,NA,NA,NA,NA,,,,,,,,,,,PL,PL,17.7,23/06/1999,,,,,,,,,,,,,,,,,,,,,,
43777,ME,DISC,47.3,25/11/1998,ME,PILE,16.3,09/10/1998,3,ME,MOUND,6,09/10/1998,NA,NA,NA,NA,,,,,,,,,,,,,,,,,PL,47.3,23/06/1999,NA,NA,NA,NA,,,,,,,,,,,,,PL,7.7,23/06/1999,NA,NA,NA,NA,,,,,,,,,,,,,,,4,PL,PL,6,23/06/1999,NA,NA,NA,NA,,,,,,,,,,,PL,PL,61,23/06/1999,SX,16350,SX,34310,PLI,52439,,,,,,,,,,,,,,,,
43916,ME,MOUND,0.4,01/08/1996,ME,DISC,40,01/08/1996,2,NA,NA,NA,NA,NA,NA,NA,NA,,,,,,,,,,,,,,,,,PL,40.6,01/05/1997,PLI,56840,SX,56840,,,,,,,,,,,,,FP,0.1,01/05/1998,PLI,140,SX,75,,,,,,,,,,,,,,,2,NA,NA,NA,NA,NA,NA,NA,NA,,,,,,,,,,,,,,,,,,,,,,,,,,,,,,,,,,,,
49701,ME,DISC,18.2,01/08/1996,NA,NA,0,NA,1,NA,NA,NA,NA,NA,NA,NA,NA,,,,,,,,,,,,,,,,,PL,19.5,01/05/1997,PLI,21600,PLI,2160,SX,2160,,,,,,,,,,,PL,0.5,01/05/1998,SX,240,SX,690,,,,,,,,,,,,,,,2,NA,NA,NA,NA,NA,NA,NA,NA,,,,,,,,,,,,,,,,,,,,,,,,,,,,,,,,,,,,
53217,ME,MOUND,1.3,01/09/1996,ME,DISC,35.6,01/09/1996,2,NA,NA,NA,NA,NA,NA,NA,NA,,,,,,,,,,,,,,,,,PL,36.3,01/05/1997,PLI,64868,NA,NA,,,,,,,,,,,,,PL,1.3,01/05/1997,SX,960,PLI,920,,,,,,,,,,,,,,,2,NA,NA,NA,NA,NA,NA,NA,NA,,,,,,,,,,,,,,,,,,,,,,,,,,,,,,,,,,,,
53219,0,NA,0,NA,NA,NA,0,NA,0,NA,NA,NA,NA,NA,NA,NA,NA,,,,,,,,,,,,,,,,,PL,11.1,01/05/1997,PLI,18520,NA,NA,,,,,,,,,,,,,NA,0,NA,NA,NA,NA,NA,,,,,,,,,,,,,,,1,NA,NA,NA,NA,NA,NA,NA,NA,,,,,,,,,,,,,,,,,,,,,,,,,,,,,,,,,,,,
56793,0,NA,0,NA,NA,NA,0,NA,0,NA,NA,NA,NA,NA,NA,NA,NA,,,,,,,,,,,,,,,,,NA,0,NA,NA,NA,NA,NA,,,,,,,,,,,,,NA,0,NA,NA,NA,NA,NA,,,,,,,,,,,,,,,0,NA,NA,NA,NA,NA,NA,NA,NA,,,,,,,,,,,,,,,,,,,,,,,,,,,,,,,,,,,,
69907,ME,MOUND,1,09/10/1998,ME,DISC,5.3,11/09/1998,3,ME,PILE,0.5,09/10/1998,NA,NA,NA,NA,,,,,,,,,,,,,,,,,PL,1,23/06/1999,NA,NA,NA,NA,,,,,,,,,,,,,PL,5,23/06/1999,NA,NA,NA,NA,,,,,,,,,,,,,,,2,NA,NA,NA,NA,NA,NA,NA,NA,,,,,,,,,,,,,,,,,,,,,,,,,,,,,,,,,,,,
70769,0,NA,0,NA,NA,NA,0,NA,0,NA,NA,NA,NA,NA,NA,NA,NA,,,,,,,,,,,,,,,,,PL,1.2,01/05/1995,PLI,1750,NA,NA,,,,,,,,,,,,,NA,0,NA,NA,NA,NA,NA,,,,,,,,,,,,,,,1,NA,NA,NA,NA,NA,NA,NA,NA,,,,,,,,,,,,,,,,,,,,,,,,,,,,,,,,,,,,
98551,ME,DISC,8.9,07/10/2001,ME,PILE,1.5,07/10/2001,2,NA,NA,NA,NA,NA,NA,NA,NA,,,,,,,,,,,,,,,,,PL,8.1,03/07/2002,PLI,7035,SX,1080,SX,540,PLI,5460,,,,,,,,,PL,0.5,03/07/2002,PLI,120,SX,880,,,,,,,,,,,,,,,3,PL,PL,0.8,07/07/2003,SX,1620,NA,NA,,,,,,,,,,,,,,,,,,,,,,,,,,,,,,,,,,,,
98569,ME,DISC,6.8,07/10/2001,ME,PILE,0.7,07/10/2001,3,ME,MOUND,0.3,07/10/2001,NA,NA,NA,NA,,,,,,,,,,,,,,,,,PL,6.8,07/07/2003,PLI,5850,SX,7290,SX,90,,,,,,,,,,,PL,1.1,07/07/2003,SX,1765,NA,NA,,,,,,,,,,,,,,,4,PL,PL,0.3,07/07/2003,SX,540,NA,NA,,,,,,,,,,,PL,PL,2.6,07/07/2003,SX,3095,SX,1080,,,,,,,,,,,,,,,,,,
98699,0,NA,0,NA,NA,NA,0,NA,0,NA,NA,NA,NA,NA,NA,NA,NA,,,,,,,,,,,,,,,,,NA,0,NA,NA,NA,NA,NA,,,,,,,,,,,,,NA,0,NA,NA,NA,NA,NA,,,,,,,,,,,,,,,0,NA,NA,NA,NA,NA,NA,NA,NA,,,,,,,,,,,,,,,,,,,,,,,,,,,,,,,,,,,,
105339,0,NA,0,NA,NA,NA,0,NA,0,NA,NA,NA,NA,NA,NA,NA,NA,,,,,,,,,,,,,,,,,PL,15.4,01/05/2002,PLI,26780,SX,8640,,,,,,,,,,,,,FP,0.6,01/05/2003,PLI,500,NA,NA,,,,,,,,,,,,,,,2,NA,NA,NA,NA,NA,NA,NA,NA,,,,,,,,,,,,,,,,,,,,,,,,,,,,,,,,,,,,
107593,0,NA,0,NA,NA,NA,0,NA,0,NA,NA,NA,NA,NA,NA,NA,NA,,,,,,,,,,,,,,,,,PL,2.6,07/07/2003,PLI,5040,NA,NA,,,,,,,,,,,,,NA,0,NA,NA,NA,NA,NA,,,,,,,,,,,,,,,1,NA,NA,NA,NA,NA,NA,NA,NA,,,,,,,,,,,,,,,,,,,,,,,,,,,,,,,,,,,,
115361,MA,HAND,34,01/06/2003,BU,RPILE,34,01/10/2003,2,NA,NA,NA,NA,NA,NA,NA,NA,,,,,,,,,,,,,,,,,PL,34,20/05/2005,PLI,24400,SX,28360,,,,,,,,,,,,,NA,0,NA,NA,NA,NA,NA,,,,,,,,,,,,,,,1,NA,NA,NA,NA,NA,NA,NA,NA,,,,,,,,,,,,,,,,,,,,,,,,,,,,,,,,,,,,
115363,MA,HAND,8,01/06/2003,BU,RPILE,8,01/10/2003,2,NA,NA,NA,NA,NA,NA,NA,NA,,,,,,,,,,,,,,,,,PL,8,23/05/2005,PLI,5950,SX,6700,,,,,,,,,,,,,NA,0,NA,NA,NA,NA,NA,,,,,,,,,,,,,,,1,NA,NA,NA,NA,NA,NA,NA,NA,,,,,,,,,,,,,,,,,,,,,,,,,,,,,,,,,,,,
116168,ME,MOUND,12.3,01/10/2003,BU,RPILE,13.3,01/10/2003,3,MA,HAND,1.3,01/06/2003,NA,NA,NA,NA,,,,,,,,,,,,,,,,,PL,13.6,23/05/2005,PLI,16175,SX,550,,,,,,,,,,,,,NA,0,NA,NA,NA,NA,NA,,,,,,,,,,,,,,,1,NA,NA,NA,NA,NA,NA,NA,NA,,,,,,,,,,,,,,,,,,,,,,,,,,,,,,,,,,,,
116169,BU,RPILE,4.6,01/10/2003,MA,HAND,4.6,01/01/2003,2,NA,NA,NA,NA,NA,NA,NA,NA,,,,,,,,,,,,,,,,,PL,4.6,24/05/2005,PLI,4000,SX,1600,,,,,,,,,,,,,NA,0,NA,NA,NA,NA,NA,,,,,,,,,,,,,,,1,NA,NA,NA,NA,NA,NA,NA,NA,,,,,,,,,,,,,,,,,,,,,,,,,,,,,,,,,,,,
116170,BU,RPILE,8.6,01/10/2003,MA,HAND,8.6,31/08/2003,2,NA,NA,NA,NA,NA,NA,NA,NA,,,,,,,,,,,,,,,,,PL,8.6,24/05/2005,PLI,10375,SX,6280,,,,,,,,,,,,,NA,0,NA,NA,NA,NA,NA,,,,,,,,,,,,,,,1,NA,NA,NA,NA,NA,NA,NA,NA,,,,,,,,,,,,,,,,,,,,,,,,,,,,,,,,,,,,
116272,0,NA,0,NA,NA,NA,0,NA,0,NA,NA,NA,NA,NA,NA,NA,NA,,,,,,,,,,,,,,,,,PL,10.1,15/06/2004,PLI,8090,SX,4220,SX,4735,,,,,,,,,,,NA,0,NA,NA,NA,NA,NA,,,,,,,,,,,,,,,1,NA,NA,NA,NA,NA,NA,NA,NA,,,,,,,,,,,,,,,,,,,,,,,,,,,,,,,,,,,,
116335,0,NA,0,NA,NA,NA,0,NA,0,NA,NA,NA,NA,NA,NA,NA,NA,,,,,,,,,,,,,,,,,PL,8.3,15/06/2004,PLI,130,SX,1795,SX,5590,PLI,6120,,,,,,,,,NA,0,NA,NA,NA,NA,NA,,,,,,,,,,,,,,,1,NA,NA,NA,NA,NA,NA,NA,NA,,,,,,,,,,,,,,,,,,,,,,,,,,,,,,,,,,,,
116641,0,NA,0,NA,NA,NA,0,NA,0,NA,NA,NA,NA,NA,NA,NA,NA,,,,,,,,,,,,,,,,,PL,10.6,25/05/2005,PLI,9125,SX,8200,,,,,,,,,,,,,NA,0,NA,NA,NA,NA,NA,,,,,,,,,,,,,,,1,NA,NA,NA,NA,NA,NA,NA,NA,,,,,,,,,,,,,,,,,,,,,,,,,,,,,,,,,,,,
116650,BU,RPILE,4.1,01/10/2003,MA,HAND,4.1,01/06/2003,2,NA,NA,NA,NA,NA,NA,NA,NA,,,,,,,,,,,,,,,,,PL,4.1,21/05/2005,PLI,2940,SX,3900,,,,,,,,,,,,,NA,0,NA,NA,NA,NA,NA,,,,,,,,,,,,,,,1,NA,NA,NA,NA,NA,NA,NA,NA,,,,,,,,,,,,,,,,,,,,,,,,,,,,,,,,,,,,
116652,BU,RPILE,5.3,01/10/2003,MA,HAND,5.3,01/06/2003,2,NA,NA,NA,NA,NA,NA,NA,NA,,,,,,,,,,,,,,,,,PL,5.3,25/05/2005,PLI,3500,SX,4800,,,,,,,,,,,,,NA,0,NA,NA,NA,NA,NA,,,,,,,,,,,,,,,1,NA,NA,NA,NA,NA,NA,NA,NA,,,,,,,,,,,,,,,,,,,,,,,,,,,,,,,,,,,,
116691,BU,RPILE,1.4,01/10/2003,MA,HAND,1.4,01/01/2003,2,NA,NA,NA,NA,NA,NA,NA,NA,,,,,,,,,,,,,,,,,PL,1.4,26/05/2005,PLI,825,SX,940,,,,,,,,,,,,,NA,0,NA,NA,NA,NA,NA,,,,,,,,,,,,,,,1,NA,NA,NA,NA,NA,NA,NA,NA,,,,,,,,,,,,,,,,,,,,,,,,,,,,,,,,,,,,
116693,BU,RPILE,1.8,01/10/2003,MA,HAND,1.8,01/01/2003,2,NA,NA,NA,NA,NA,NA,NA,NA,,,,,,,,,,,,,,,,,PL,1.8,24/05/2005,SX,1540,PLI,900,,,,,,,,,,,,,NA,0,NA,NA,NA,NA,NA,,,,,,,,,,,,,,,1,NA,NA,NA,NA,NA,NA,NA,NA,,,,,,,,,,,,,,,,,,,,,,,,,,,,,,,,,,,,
117779,0,NA,0,NA,NA,NA,0,NA,0,NA,NA,NA,NA,NA,NA,NA,NA,,,,,,,,,,,,,,,,,PL,3.3,26/05/2005,PLI,2025,SX,3140,,,,,,,,,,,,,RO,1,29/05/2006,PLI,80,NA,NA,,,,,,,,,,,,,,,2,NA,NA,NA,NA,NA,NA,NA,NA,,,,,,,,,,,,,,,,,,,,,,,,,,,,,,,,,,,,
122491,0,NA,0,NA,NA,NA,0,NA,0,NA,NA,NA,NA,NA,NA,NA,NA,,,,,,,,,,,,,,,,,PL,81.6,24/05/2006,PLI,15500,PLI,44475,SX,57100,,,,,,,,,,,NA,0,NA,NA,NA,NA,NA,,,,,,,,,,,,,,,1,NA,NA,NA,NA,NA,NA,NA,NA,,,,,,,,,,,,,,,,,,,,,,,,,,,,,,,,,,,,
122493,0,NA,0,NA,NA,NA,0,NA,0,NA,NA,NA,NA,NA,NA,NA,NA,,,,,,,,,,,,,,,,,PL,19.1,12/06/2008,PLI,7985,PLI,1840,SX,520,SX,13040,PLI,5460,,,,,,,PL,83.4,31/05/2007,NA,NA,NA,NA,,,,,,,,,,,,,,,2,NA,NA,NA,NA,NA,NA,NA,NA,,,,,,,,,,,,,,,,,,,,,,,,,,,,,,,,,,,,
1054881,MA,HAND,33.1,01/09/2004,BU,RPILE,33.1,24/10/2004,2,NA,NA,NA,NA,NA,NA,NA,NA,,,,,,,,,,,,,,,,,PL,33.1,19/05/2006,PLI,24425,SX,14240,SX,9940,,,,,,,,,,,NA,0,NA,NA,NA,NA,NA,,,,,,,,,,,,,,,1,NA,NA,NA,NA,NA,NA,NA,NA,,,,,,,,,,,,,,,,,,,,,,,,,,,,,,,,,,,,
1054907,0,NA,0,NA,NA,NA,0,NA,0,NA,NA,NA,NA,NA,NA,NA,NA,,,,,,,,,,,,,,,,,PL,22.5,28/05/2006,PLI,2050,PLI,15500,SX,15540,SX,2220,,,,,,,,,NA,0,NA,NA,NA,NA,NA,,,,,,,,,,,,,,,1,NA,NA,NA,NA,NA,NA,NA,NA,,,,,,,,,,,,,,,,,,,,,,,,,,,,,,,,,,,,
1055013,BU,RPILE,29.9,18/10/2004,NA,NA,0,NA,1,NA,NA,NA,NA,NA,NA,NA,NA,,,,,,,,,,,,,,,,,PL,29.9,17/05/2006,PLI,23250,SX,13060,SX,9320,,,,,,,,,,,NA,0,NA,NA,NA,NA,NA,,,,,,,,,,,,,,,1,NA,NA,NA,NA,NA,NA,NA,NA,,,,,,,,,,,,,,,,,,,,,,,,,,,,,,,,,,,,
1060926,0,NA,0,NA,NA,NA,0,NA,0,NA,NA,NA,NA,NA,NA,NA,NA,,,,,,,,,,,,,,,,,PL,38.2,21/05/2005,PLI,23000,SX,26800,,,,,,,,,,,,,NA,0,NA,NA,NA,NA,NA,,,,,,,,,,,,,,,1,NA,NA,NA,NA,NA,NA,NA,NA,,,,,,,,,,,,,,,,,,,,,,,,,,,,,,,,,,,,
1069992,0,NA,0,NA,NA,NA,0,NA,0,NA,NA,NA,NA,NA,NA,NA,NA,,,,,,,,,,,,,,,,,PL,1.3,12/06/2008,PLI,3059,NA,NA,,,,,,,,,,,,,PL,49.1,24/05/2007,PLI,80980,PLI,1640,,,,,,,,,,,,,,,2,NA,NA,NA,NA,NA,NA,NA,NA,,,,,,,,,,,,,,,,,,,,,,,,,,,,,,,,,,,,
1069998,0,NA,0,NA,NA,NA,0,NA,0,NA,NA,NA,NA,NA,NA,NA,NA,,,,,,,,,,,,,,,,,PL,32.2,24/05/2007,SX,11100,PLI,36500,PLI,4000,,,,,,,,,,,PL,1.1,12/06/2008,PLI,3570,NA,NA,,,,,,,,,,,,,,,2,NA,NA,NA,NA,NA,NA,NA,NA,,,,,,,,,,,,,,,,,,,,,,,,,,,,,,,,,,,,
1090329,0,NA,0,NA,NA,NA,0,NA,0,NA,NA,NA,NA,NA,NA,NA,NA,,,,,,,,,,,,,,,,,PL,2.2,19/05/2005,PLI,1450,NA,SX,1650,,,,,,,,,,,,RO,1,19/05/2006,PLI,120,NA,NA,,,,,,,,,,,,,,,2,NA,NA,NA,NA,NA,NA,NA,NA,,,,,,,,,,,,,,,,,,,,,,,,,,,,,,,,,,,,
1090330,0,NA,0,NA,NA,NA,0,NA,0,NA,NA,NA,NA,NA,NA,NA,NA,,,,,,,,,,,,,,,,,PL,2.1,17/05/2005,SX,1600,PLI,1000,,,,,,,,,,,,,NA,0,NA,NA,NA,NA,NA,,,,,,,,,,,,,,,1,NA,NA,NA,NA,NA,NA,NA,NA,,,,,,,,,,,,,,,,,,,,,,,,,,,,,,,,,,,,
1090331,0,NA,0,NA,NA,NA,0,NA,0,NA,NA,NA,NA,NA,NA,NA,NA,,,,,,,,,,,,,,,,,PL,6,18/05/2005,PLI,5500,SX,4960,,,,,,,,,,,,,NA,0,NA,NA,NA,NA,NA,,,,,,,,,,,,,,,1,NA,NA,NA,NA,NA,NA,NA,NA,,,,,,,,,,,,,,,,,,,,,,,,,,,,,,,,,,,,
1090332,0,NA,0,NA,NA,NA,0,NA,0,NA,NA,NA,NA,NA,NA,NA,NA,,,,,,,,,,,,,,,,,PL,3.8,18/05/2005,SX,2560,PLI,2775,,,,,,,,,,,,,NA,0,NA,NA,NA,NA,NA,,,,,,,,,,,,,,,1,NA,NA,NA,NA,NA,NA,NA,NA,,,,,,,,,,,,,,,,,,,,,,,,,,,,,,,,,,,,
1090333,0,NA,0,NA,NA,NA,0,NA,0,NA,NA,NA,NA,NA,NA,NA,NA,,,,,,,,,,,,,,,,,PL,1,18/05/2005,PLI,725,SX,1340,,,,,,,,,,,,,NA,0,NA,NA,NA,NA,NA,,,,,,,,,,,,,,,1,NA,NA,NA,NA,NA,NA,NA,NA,,,,,,,,,,,,,,,,,,,,,,,,,,,,,,,,,,,,
1090334,0,NA,0,NA,NA,NA,0,NA,0,NA,NA,NA,NA,NA,NA,NA,NA,,,,,,,,,,,,,,,,,PL,1,19/05/2005,PLI,600,SX,980,,,,,,,,,,,,,NA,0,NA,NA,NA,NA,NA,,,,,,,,,,,,,,,1,NA,NA,NA,NA,NA,NA,NA,NA,,,,,,,,,,,,,,,,,,,,,,,,,,,,,,,,,,,,
1090335,0,NA,0,NA,NA,NA,0,NA,0,NA,NA,NA,NA,NA,NA,NA,NA,,,,,,,,,,,,,,,,,PL,1.6,19/05/2005,PLI,875,SX,1720,,,,,,,,,,,,,NA,0,NA,NA,NA,NA,NA,,,,,,,,,,,,,,,1,NA,NA,NA,NA,NA,NA,NA,NA,,,,,,,,,,,,,,,,,,,,,,,,,,,,,,,,,,,,
1090336,0,NA,0,NA,NA,NA,0,NA,0,NA,NA,NA,NA,NA,NA,NA,NA,,,,,,,,,,,,,,,,,PL,3,19/05/2005,PLI,2125,SX,3480,,,,,,,,,,,,,NA,0,NA,NA,NA,NA,NA,,,,,,,,,,,,,,,1,NA,NA,NA,NA,NA,NA,NA,NA,,,,,,,,,,,,,,,,,,,,,,,,,,,,,,,,,,,,
1090343,0,NA,0,NA,NA,NA,0,NA,0,NA,NA,NA,NA,NA,NA,NA,NA,,,,,,,,,,,,,,,,,PL,1.9,24/05/2005,PLI,900,SX,1600,,,,,,,,,,,,,NA,0,NA,NA,NA,NA,NA,,,,,,,,,,,,,,,1,NA,NA,NA,NA,NA,NA,NA,NA,,,,,,,,,,,,,,,,,,,,,,,,,,,,,,,,,,,,
1090344,0,NA,0,NA,NA,NA,0,NA,0,NA,NA,NA,NA,NA,NA,NA,NA,,,,,,,,,,,,,,,,,PL,3.5,24/05/2005,PLI,1625,SX,2660,,,,,,,,,,,,,NA,0,NA,NA,NA,NA,NA,,,,,,,,,,,,,,,1,NA,NA,NA,NA,NA,NA,NA,NA,,,,,,,,,,,,,,,,,,,,,,,,,,,,,,,,,,,,
1090549,0,NA,0,NA,NA,NA,0,NA,0,NA,NA,NA,NA,NA,NA,NA,NA,,,,,,,,,,,,,,,,,PL,2.9,19/05/2005,PLI,1400,SX,1950,,,,,,,,,,,,,NA,0,NA,NA,NA,NA,NA,,,,,,,,,,,,,,,1,NA,NA,NA,NA,NA,NA,NA,NA,,,,,,,,,,,,,,,,,,,,,,,,,,,,,,,,,,,,
1090570,0,NA,0,NA,NA,NA,0,NA,0,NA,NA,NA,NA,NA,NA,NA,NA,,,,,,,,,,,,,,,,,PL,1,25/05/2005,SX,400,PLI,1000,,,,,,,,,,,,,NA,0,NA,NA,NA,NA,NA,,,,,,,,,,,,,,,1,NA,NA,NA,NA,NA,NA,NA,NA,,,,,,,,,,,,,,,,,,,,,,,,,,,,,,,,,,,,
1090571,0,NA,0,NA,NA,NA,0,NA,0,NA,NA,NA,NA,NA,NA,NA,NA,,,,,,,,,,,,,,,,,PL,1.2,20/05/2005,SX,800,PLI,500,,,,,,,,,,,,,NA,0,NA,NA,NA,NA,NA,,,,,,,,,,,,,,,1,NA,NA,NA,NA,NA,NA,NA,NA,,,,,,,,,,,,,,,,,,,,,,,,,,,,,,,,,,,,
1090739,0,NA,0,NA,NA,NA,0,NA,0,NA,NA,NA,NA,NA,NA,NA,NA,,,,,,,,,,,,,,,,,PL,2.3,24/05/2005,PLI,1500,SX,2000,,,,,,,,,,,,,NA,0,NA,NA,NA,NA,NA,,,,,,,,,,,,,,,1,NA,NA,NA,NA,NA,NA,NA,NA,,,,,,,,,,,,,,,,,,,,,,,,,,,,,,,,,,,,
1090968,0,NA,0,NA,NA,NA,0,NA,0,NA,NA,NA,NA,NA,NA,NA,NA,,,,,,,,,,,,,,,,,PL,9,26/05/2006,PLI,6050,SX,6100,,,,,,,,,,,,,PL,1.5,26/05/2005,PLI,1225,SX,1240,,,,,,,,,,,,,,,2,NA,NA,NA,NA,NA,NA,NA,NA,,,,,,,,,,,,,,,,,,,,,,,,,,,,,,,,,,,,
1090970,0,NA,0,NA,NA,NA,0,NA,0,NA,NA,NA,NA,NA,NA,NA,NA,,,,,,,,,,,,,,,,,PL,11.5,24/05/2005,SX,8360,PLI,8250,,,,,,,,,,,,,NA,0,NA,NA,NA,NA,NA,,,,,,,,,,,,,,,1,NA,NA,NA,NA,NA,NA,NA,NA,,,,,,,,,,,,,,,,,,,,,,,,,,,,,,,,,,,,
1091152,0,NA,0,NA,NA,NA,0,NA,0,NA,NA,NA,NA,NA,NA,NA,NA,,,,,,,,,,,,,,,,,PL,10.9,20/05/2005,SX,9600,PLI,7000,,,,,,,,,,,,,NA,0,NA,NA,NA,NA,NA,,,,,,,,,,,,,,,1,NA,NA,NA,NA,NA,NA,NA,NA,,,,,,,,,,,,,,,,,,,,,,,,,,,,,,,,,,,,
1091153,0,NA,0,NA,NA,NA,0,NA,0,NA,NA,NA,NA,NA,NA,NA,NA,,,,,,,,,,,,,,,,,PL,12,17/05/2005,PLI,9000,SX,8800,,,,,,,,,,,,,NA,0,NA,NA,NA,NA,NA,,,,,,,,,,,,,,,1,NA,NA,NA,NA,NA,NA,NA,NA,,,,,,,,,,,,,,,,,,,,,,,,,,,,,,,,,,,,
1091154,0,NA,0,NA,NA,NA,0,NA,0,NA,NA,NA,NA,NA,NA,NA,NA,,,,,,,,,,,,,,,,,PL,8,21/05/2005,PLI,6000,SX,7200,,,,,,,,,,,,,NA,0,NA,NA,NA,NA,NA,,,,,,,,,,,,,,,1,NA,NA,NA,NA,NA,NA,NA,NA,,,,,,,,,,,,,,,,,,,,,,,,,,,,,,,,,,,,
1091959,0,NA,0,NA,NA,NA,0,NA,0,NA,NA,NA,NA,NA,NA,NA,NA,,,,,,,,,,,,,,,,,PL,1.8,19/05/2006,SX,1180,PLI,1225,,,,,,,,,,,,,NA,0,NA,NA,NA,NA,NA,,,,,,,,,,,,,,,1,NA,NA,NA,NA,NA,NA,NA,NA,,,,,,,,,,,,,,,,,,,,,,,,,,,,,,,,,,,,
1091960,0,NA,0,NA,NA,NA,0,NA,0,NA,NA,NA,NA,NA,NA,NA,NA,,,,,,,,,,,,,,,,,PL,3.4,24/05/2006,PLI,1175,PLI,1120,SX,2150,,,,,,,,,,,NA,0,NA,NA,NA,NA,NA,,,,,,,,,,,,,,,1,NA,NA,NA,NA,NA,NA,NA,NA,,,,,,,,,,,,,,,,,,,,,,,,,,,,,,,,,,,,
1091961,0,NA,0,NA,NA,NA,0,NA,0,NA,NA,NA,NA,NA,NA,NA,NA,,,,,,,,,,,,,,,,,PL,6,28/05/2006,PLI,4350,SX,4120,,,,,,,,,,,,,NA,0,NA,NA,NA,NA,NA,,,,,,,,,,,,,,,1,NA,NA,NA,NA,NA,NA,NA,NA,,,,,,,,,,,,,,,,,,,,,,,,,,,,,,,,,,,,
1091962,0,NA,0,NA,NA,NA,0,NA,0,NA,NA,NA,NA,NA,NA,NA,NA,,,,,,,,,,,,,,,,,PL,0.9,28/05/2006,SX,500,PLI,650,,,,,,,,,,,,,NA,0,NA,NA,NA,NA,NA,,,,,,,,,,,,,,,1,NA,NA,NA,NA,NA,NA,NA,NA,,,,,,,,,,,,,,,,,,,,,,,,,,,,,,,,,,,,
1091990,0,NA,0,NA,NA,NA,0,NA,0,NA,NA,NA,NA,NA,NA,NA,NA,,,,,,,,,,,,,,,,,PL,2.6,17/05/2006,PLI,1700,SX,1760,,,,,,,,,,,,,NA,0,NA,NA,NA,NA,NA,,,,,,,,,,,,,,,1,NA,NA,NA,NA,NA,NA,NA,NA,,,,,,,,,,,,,,,,,,,,,,,,,,,,,,,,,,,,
1091991,0,NA,0,NA,NA,NA,0,NA,0,NA,NA,NA,NA,NA,NA,NA,NA,,,,,,,,,,,,,,,,,PL,10.3,28/05/2006,PLI,6950,SX,8280,,,,,,,,,,,,,NA,0,NA,NA,NA,NA,NA,,,,,,,,,,,,,,,1,NA,NA,NA,NA,NA,NA,NA,NA,,,,,,,,,,,,,,,,,,,,,,,,,,,,,,,,,,,,
1091992,0,NA,0,NA,NA,NA,0,NA,0,NA,NA,NA,NA,NA,NA,NA,NA,,,,,,,,,,,,,,,,,PL,6.2,25/05/2006,SX,3920,PLI,4175,,,,,,,,,,,,,NA,0,NA,NA,NA,NA,NA,,,,,,,,,,,,,,,1,NA,NA,NA,NA,NA,NA,NA,NA,,,,,,,,,,,,,,,,,,,,,,,,,,,,,,,,,,,,
1091994,0,NA,0,NA,NA,NA,0,NA,0,NA,NA,NA,NA,NA,NA,NA,NA,,,,,,,,,,,,,,,,,PL,13.8,25/05/2006,PLI,10000,SX,9660,,,,,,,,,,,,,NA,0,NA,NA,NA,NA,NA,,,,,,,,,,,,,,,1,NA,NA,NA,NA,NA,NA,NA,NA,,,,,,,,,,,,,,,,,,,,,,,,,,,,,,,,,,,,
1091995,0,NA,0,NA,NA,NA,0,NA,0,NA,NA,NA,NA,NA,NA,NA,NA,,,,,,,,,,,,,,,,,PL,7.6,28/05/2006,PLI,6000,SX,6300,,,,,,,,,,,,,NA,0,NA,NA,NA,NA,NA,,,,,,,,,,,,,,,1,NA,NA,NA,NA,NA,NA,NA,NA,,,,,,,,,,,,,,,,,,,,,,,,,,,,,,,,,,,,
1091996,0,NA,0,NA,NA,NA,0,NA,0,NA,NA,NA,NA,NA,NA,NA,NA,,,,,,,,,,,,,,,,,PL,12.3,28/05/2006,SX,9660,PLI,9500,,,,,,,,,,,,,NA,0,NA,NA,NA,NA,NA,,,,,,,,,,,,,,,1,NA,NA,NA,NA,NA,NA,NA,NA,,,,,,,,,,,,,,,,,,,,,,,,,,,,,,,,,,,,
1099677,0,NA,0,NA,NA,NA,0,NA,0,NA,NA,NA,NA,NA,NA,NA,NA,,,,,,,,,,,,,,,,,RO,1.5,15/06/2008,SX,810,PLI,1440,,,,,,,,,,,,,PL,25.3,07/06/2006,SX,8640,PLI,20520,,,,,,,,,,,,,,,2,NA,NA,NA,NA,NA,NA,NA,NA,,,,,,,,,,,,,,,,,,,,,,,,,,,,,,,,,,,,
1112910,0,NA,0,NA,NA,NA,0,NA,0,NA,NA,NA,NA,NA,NA,NA,NA,,,,,,,,,,,,,,,,,PL,215.7,10/06/2008,PLI,158215,PLI,220,SX,152370,,,,,,,,,,,NA,0,NA,NA,NA,NA,NA,,,,,,,,,,,,,,,1,NA,NA,NA,NA,NA,NA,NA,NA,,,,,,,,,,,,,,,,,,,,,,,,,,,,,,,,,,,,
1112911,0,NA,0,NA,NA,NA,0,NA,0,NA,NA,NA,NA,NA,NA,NA,NA,,,,,,,,,,,,,,,,,PL,12.4,07/06/2009,PLI,8800,SX,9780,,,,,,,,,,,,,NA,0,NA,NA,NA,NA,NA,,,,,,,,,,,,,,,1,NA,NA,NA,NA,NA,NA,NA,NA,,,,,,,,,,,,,,,,,,,,,,,,,,,,,,,,,,,,
1112912,0,NA,0,NA,NA,NA,0,NA,0,NA,NA,NA,NA,NA,NA,NA,NA,,,,,,,,,,,,,,,,,PL,6.5,30/05/2007,PLI,4625,SX,5180,,,,,,,,,,,,,NA,0,NA,NA,NA,NA,NA,,,,,,,,,,,,,,,1,NA,NA,NA,NA,NA,NA,NA,NA,,,,,,,,,,,,,,,,,,,,,,,,,,,,,,,,,,,,
1113994,0,NA,0,NA,NA,NA,0,NA,0,NA,NA,NA,NA,NA,NA,NA,NA,,,,,,,,,,,,,,,,,PL,150.6,29/05/2007,SX,65150,PLI,65875,PLI,46350,SX,44060,,,,,,,,,NA,0,NA,NA,NA,NA,NA,,,,,,,,,,,,,,,1,NA,NA,NA,NA,NA,NA,NA,NA,,,,,,,,,,,,,,,,,,,,,,,,,,,,,,,,,,,,
1114030,0,NA,0,NA,NA,NA,0,NA,0,NA,NA,NA,NA,NA,NA,NA,NA,,,,,,,,,,,,,,,,,PL,83.3,30/05/2008,SX,52760,PLI,57275,,,,,,,,,,,,,NA,0,NA,NA,NA,NA,NA,,,,,,,,,,,,,,,1,NA,NA,NA,NA,NA,NA,NA,NA,,,,,,,,,,,,,,,,,,,,,,,,,,,,,,,,,,,,
1114051,0,NA,0,NA,NA,NA,0,NA,0,NA,NA,NA,NA,NA,NA,NA,NA,,,,,,,,,,,,,,,,,PL,54,04/06/2008,SX,36120,PLI,37660,,,,,,,,,,,,,NA,0,NA,NA,NA,NA,NA,,,,,,,,,,,,,,,1,NA,NA,NA,NA,NA,NA,NA,NA,,,,,,,,,,,,,,,,,,,,,,,,,,,,,,,,,,,,
1114052,0,NA,0,NA,NA,NA,0,NA,0,NA,NA,NA,NA,NA,NA,NA,NA,,,,,,,,,,,,,,,,,PL,26.3,02/06/2008,SX,15460,PLI,15725,,,,,,,,,,,,,NA,0,NA,NA,NA,NA,NA,,,,,,,,,,,,,,,1,NA,NA,NA,NA,NA,NA,NA,NA,,,,,,,,,,,,,,,,,,,,,,,,,,,,,,,,,,,,
1114123,0,NA,0,NA,NA,NA,0,NA,0,NA,NA,NA,NA,NA,NA,NA,NA,,,,,,,,,,,,,,,,,PL,24.8,11/06/2008,PLI,18465,SX,14400,,,,,,,,,,,,,NA,0,NA,NA,NA,NA,NA,,,,,,,,,,,,,,,1,NA,NA,NA,NA,NA,NA,NA,NA,,,,,,,,,,,,,,,,,,,,,,,,,,,,,,,,,,,,
1114125,0,NA,0,NA,NA,NA,0,NA,0,NA,NA,NA,NA,NA,NA,NA,NA,,,,,,,,,,,,,,,,,PL,10.8,06/06/2009,SX,6210,PLI,1250,PLI,5020,,,,,,,,,,,NA,0,NA,NA,NA,NA,NA,,,,,,,,,,,,,,,1,NA,NA,NA,NA,NA,NA,NA,NA,,,,,,,,,,,,,,,,,,,,,,,,,,,,,,,,,,,,
1114126,0,NA,0,NA,NA,NA,0,NA,0,NA,NA,NA,NA,NA,NA,NA,NA,,,,,,,,,,,,,,,,,RP,15.2,15/06/2013,PLI,16320,SX,8560,,,,,,,,,,,,,PL,15.2,12/06/2008,SX,6445,PLI,4425,SX,6140,PLI,6090,PLI,90,,,,,,,,,3,PL,PL,15.2,16/07/2012,NA,NA,NA,NA,,,,,,,,,,,,,,,,,,,,,,,,,,,,,,,,,,,,
1114128,0,NA,0,NA,NA,NA,0,NA,0,NA,NA,NA,NA,NA,NA,NA,NA,,,,,,,,,,,,,,,,,PL,14.2,02/06/2008,SX,9500,PLI,10150,,,,,,,,,,,,,NA,0,NA,NA,NA,NA,NA,,,,,,,,,,,,,,,1,NA,NA,NA,NA,NA,NA,NA,NA,,,,,,,,,,,,,,,,,,,,,,,,,,,,,,,,,,,,
1114129,0,NA,0,NA,NA,NA,0,NA,0,NA,NA,NA,NA,NA,NA,NA,NA,,,,,,,,,,,,,,,,,RP,9.2,15/06/2013,PLI,8640,SX,6210,,,,,,,,,,,,,PL,9.2,13/06/2008,PLI,2960,SX,1780,SX,5750,PLI,3525,,,,,,,,,,,2,NA,NA,NA,NA,NA,NA,NA,NA,,,,,,,,,,,,,,,,,,,,,,,,,,,,,,,,,,,,
1114273,0,NA,0,NA,NA,NA,0,NA,0,NA,NA,NA,NA,NA,NA,NA,NA,,,,,,,,,,,,,,,,,PL,16.6,31/05/2008,SX,12975,PLI,13300,,,,,,,,,,,,,NA,0,NA,NA,NA,NA,NA,,,,,,,,,,,,,,,1,NA,NA,NA,NA,NA,NA,NA,NA,,,,,,,,,,,,,,,,,,,,,,,,,,,,,,,,,,,,
1114274,0,NA,0,NA,NA,NA,0,NA,0,NA,NA,NA,NA,NA,NA,NA,NA,,,,,,,,,,,,,,,,,PL,5.3,02/06/2008,PLI,4450,SX,4440,,,,,,,,,,,,,NA,0,NA,NA,NA,NA,NA,,,,,,,,,,,,,,,1,NA,NA,NA,NA,NA,NA,NA,NA,,,,,,,,,,,,,,,,,,,,,,,,,,,,,,,,,,,,
1114275,0,NA,0,NA,NA,NA,0,NA,0,NA,NA,NA,NA,NA,NA,NA,NA,,,,,,,,,,,,,,,,,PL,11.6,02/06/2008,PLI,8825,SX,8860,,,,,,,,,,,,,NA,0,NA,NA,NA,NA,NA,,,,,,,,,,,,,,,1,NA,NA,NA,NA,NA,NA,NA,NA,,,,,,,,,,,,,,,,,,,,,,,,,,,,,,,,,,,,
1258693,0,NA,0,NA,NA,NA,0,NA,0,NA,NA,NA,NA,NA,NA,NA,NA,,,,,,,,,,,,,,,,,PL,6.6,09/06/2008,PLI,8883,SX,1296,,,,,,,,,,,,,NA,0,NA,NA,NA,NA,NA,,,,,,,,,,,,,,,1,NA,NA,NA,NA,NA,NA,NA,NA,,,,,,,,,,,,,,,,,,,,,,,,,,,,,,,,,,,,
1258694,0,NA,0,NA,NA,NA,0,NA,0,NA,NA,NA,NA,NA,NA,NA,NA,,,,,,,,,,,,,,,,,PL,4.4,09/06/2008,PLI,5922,SX,864,,,,,,,,,,,,,NA,0,NA,NA,NA,NA,NA,,,,,,,,,,,,,,,1,NA,NA,NA,NA,NA,NA,NA,NA,,,,,,,,,,,,,,,,,,,,,,,,,,,,,,,,,,,,
1386901,0,NA,0,NA,NA,NA,0,NA,0,NA,NA,NA,NA,NA,NA,NA,NA,,,,,,,,,,,,,,,,,PL,20.3,26/05/2013,PLI,23520,SX,6750,,,,,,,,,,,,,NA,0,NA,NA,NA,NA,NA,,,,,,,,,,,,,,,1,NA,NA,NA,NA,NA,NA,NA,NA,,,,,,,,,,,,,,,,,,,,,,,,,,,,,,,,,,,,
1459150,0,NA,0,NA,NA,NA,0,NA,0,NA,NA,NA,NA,NA,NA,NA,NA,,,,,,,,,,,,,,,,,PL,33,12/05/2014,PLI,38020,SX,10720,,,,,,,,,,,,,PL,172,19/06/2013,PLI,3750,PLI,14005,SX,4940,SX,4805,PLI,118075,SX,26920,SX,40555,PLI,21870,SX,22860,2,NA,NA,NA,NA,NA,NA,NA,NA,,,,,,,,,,,,,,,,,,,,,,,,,,,,,,,,,,,,
1459151,0,NA,0,NA,NA,NA,0,NA,0,NA,NA,NA,NA,NA,NA,NA,NA,,,,,,,,,,,,,,,,,PL,8.5,13/05/2014,PLI,9500,SX,3050,,,,,,,,,,,,,NA,0,NA,NA,NA,NA,NA,,,,,,,,,,,,,,,1,NA,NA,NA,NA,NA,NA,NA,NA,,,,,,,,,,,,,,,,,,,,,,,,,,,,,,,,,,,,
1459153,0,NA,0,NA,NA,NA,0,NA,0,NA,NA,NA,NA,NA,NA,NA,NA,,,,,,,,,,,,,,,,,PL,28.5,16/06/2013,PLI,3240,SX,1890,SX,7020,PLI,22800,SX,9450,,,,,,,NA,0,NA,NA,NA,NA,NA,,,,,,,,,,,,,,,1,NA,NA,NA,NA,NA,NA,NA,NA,,,,,,,,,,,,,,,,,,,,,,,,,,,,,,,,,,,,
1459239,0,NA,0,NA,NA,NA,0,NA,0,NA,NA,NA,NA,NA,NA,NA,NA,,,,,,,,,,,,,,,,,PL,9.5,20/06/2013,PLI,9840,SX,3510,,,,,,,,,,,,,NA,0,NA,NA,NA,NA,NA,,,,,,,,,,,,,,,1,NA,NA,NA,NA,NA,NA,NA,NA,,,,,,,,,,,,,,,,,,,,,,,,,,,,,,,,,,,,
1470851,0,NA,0,NA,NA,NA,0,NA,0,NA,NA,NA,NA,NA,NA,NA,NA,,,,,,,,,,,,,,,,,PL,9.8,19/06/2015,PLI,9800,SX,4600,SX,1160,PLI,1240,,,,,,,,,PL,9.8,26/05/2020,NA,NA,NA,NA,,,,,,,,,,,,,,,1,NA,NA,NA,NA,NA,NA,NA,NA,,,,,,,,,,,,,,,,,,,,,,,,,,,,,,,,,,,,
1470950,0,NA,0,NA,NA,NA,0,NA,0,NA,NA,NA,NA,NA,NA,NA,NA,,,,,,,,,,,,,,,,,PL,14.8,17/06/2015,SX,2880,PLI,6720,SX,5140,PLI,7540,PLI,140,SX,140,,,,,PL,13.3,26/05/2020,NA,NA,NA,NA,,,,,,,,,,,,,,,1,NA,NA,NA,NA,NA,NA,NA,NA,,,,,,,,,,,,,,,,,,,,,,,,,,,,,,,,,,,,
1540692,0,NA,0,NA,NA,NA,0,NA,0,NA,NA,NA,NA,NA,NA,NA,NA,,,,,,,,,,,,,,,,,PL,10,16/06/2013,PLI,9600,SX,5400,,,,,,,,,,,,,NA,0,NA,NA,NA,NA,NA,,,,,,,,,,,,,,,1,NA,NA,NA,NA,NA,NA,NA,NA,,,,,,,,,,,,,,,,,,,,,,,,,,,,,,,,,,,,
1540696,0,NA,0,NA,NA,NA,0,NA,0,NA,NA,NA,NA,NA,NA,NA,NA,,,,,,,,,,,,,,,,,RO,0.3,01/06/2014,PLI,240,SX,135,,,,,,,,,,,,,RO,0.1,29/05/2017,PLI,100,NA,NA,,,,,,,,,,,,,,,3,NA,NA,NA,NA,NA,NA,NA,NA,,,,,,,,,,,,,,,,,,,,,,,,,,,,,,,,,,,,
1540990,ME,DISC,43.6,09/09/2013,NA,NA,0,NA,1,NA,NA,NA,NA,NA,NA,NA,NA,,,,,,,,,,,,,,,,,PL,148,11/06/2014,PLI,38700,SX,35895,PLI,98420,SX,39875,PLI,3000,PLI,1500,,,,,NA,0,NA,NA,NA,NA,NA,,,,,,,,,,,,,,,1,NA,NA,NA,NA,NA,NA,NA,NA,,,,,,,,,,,,,,,,,,,,,,,,,,,,,,,,,,,,
1579035,0,NA,0,NA,NA,NA,0,NA,0,NA,NA,NA,NA,NA,NA,NA,NA,,,,,,,,,,,,,,,,,PL,34.5,21/07/2014,SX,15485,LW,2520,FDI,16440,PLI,1120,PLI,25500,,,,,,,FP,34.5,12/07/2015,PLI,41420,SX,41405,,,,,,,,,,,,,,,4,PL,PL,143,25/06/2013,FDI,81325,LW,21844,SX,43015,SX,66875,PLI,37638,PLI,81325,PLI,3697,,,,,,,,,,,,,,,,,,,,,,,,,,
1579099,0,NA,0,NA,NA,NA,0,NA,0,NA,NA,NA,NA,NA,NA,NA,NA,,,,,,,,,,,,,,,,,FP,27.7,03/06/2018,SX,28620,SX,4785,,,,,,,,,,,,,PL,27.7,03/07/2014,LW,1890,PLI,18900,SX,26775,,,,,,,,,,,,,3,NA,NA,NA,NA,NA,NA,NA,NA,,,,,,,,,,,,,,,,,,,,,,,,,,,,,,,,,,,,
1653516,0,NA,0,NA,NA,NA,0,NA,0,NA,NA,NA,NA,NA,NA,NA,NA,,,,,,,,,,,,,,,,,PL,35.7,08/06/2015,PLI,28450,SX,4890,SX,38570,,,,,,,,,,,NA,0,NA,NA,NA,NA,NA,,,,,,,,,,,,,,,2,NA,NA,NA,NA,NA,NA,NA,NA,,,,,,,,,,,,,,,,,,,,,,,,,,,,,,,,,,,,
1662401,0,NA,0,NA,NA,NA,0,NA,0,NA,NA,NA,NA,NA,NA,NA,NA,,,,,,,,,,,,,,,,,PL,43.9,28/05/2018,SX,15840,PLI,31280,PLI,4275,PLI,1475,SX,615,SX,480,SX,6200,,,PL,141,29/05/2017,SX,64605,SX,5400,SX,660,SX,270,SX,3910,PLI,1440,PLI,114125,,,,,2,NA,NA,NA,NA,NA,NA,NA,NA,,,,,,,,,,,,,,,,,,,,,,,,,,,,,,,,,,,,
1664905,0,NA,0,NA,NA,NA,0,NA,0,NA,NA,NA,NA,NA,NA,NA,NA,,,,,,,,,,,,,,,,,NA,0,NA,NA,NA,NA,NA,,,,,,,,,,,,,NA,0,NA,NA,NA,NA,NA,,,,,,,,,,,,,,,0,NA,NA,NA,NA,NA,NA,NA,NA,,,,,,,,,,,,,,,,,,,,,,,,,,,,,,,,,,,,
1670012,0,NA,0,NA,NA,NA,0,NA,0,NA,NA,NA,NA,NA,NA,NA,NA,,,,,,,,,,,,,,,,,RO,0.6,19/05/2018,PLI,615,NA,NA,,,,,,,,,,,,,PL,167.9,29/05/2017,SX,720,SX,25810,SX,400,PLI,5860,SX,125565,PLI,7420,PLI,20380,PLI,23280,,,2,NA,NA,NA,NA,NA,NA,NA,NA,,,,,,,,,,,,,,,,,,,,,,,,,,,,,,,,,,,,
1670026,0,NA,0,NA,NA,NA,0,NA,0,NA,NA,NA,NA,NA,NA,NA,NA,,,,,,,,,,,,,,,,,PL,4,17/05/2017,PLI,2890,SX,2100,,,,,,,,,,,,,NA,0,NA,NA,NA,NA,NA,,,,,,,,,,,,,,,1,NA,NA,NA,NA,NA,NA,NA,NA,,,,,,,,,,,,,,,,,,,,,,,,,,,,,,,,,,,,
1672565,0,NA,0,NA,NA,NA,0,NA,0,NA,NA,NA,NA,NA,NA,NA,NA,,,,,,,,,,,,,,,,,PL,2.2,02/06/2017,PLI,1920,SX,1050,,,,,,,,,,,,,NA,0,NA,NA,NA,NA,NA,,,,,,,,,,,,,,,1,NA,NA,NA,NA,NA,NA,NA,NA,,,,,,,,,,,,,,,,,,,,,,,,,,,,,,,,,,,,
1672566,0,NA,0,NA,NA,NA,0,NA,0,NA,NA,NA,NA,NA,NA,NA,NA,,,,,,,,,,,,,,,,,PL,2.1,27/05/2017,PLI,1440,SX,1050,,,,,,,,,,,,,NA,0,NA,NA,NA,NA,NA,,,,,,,,,,,,,,,1,NA,NA,NA,NA,NA,NA,NA,NA,,,,,,,,,,,,,,,,,,,,,,,,,,,,,,,,,,,,
1672567,0,NA,0,NA,NA,NA,0,NA,0,NA,NA,NA,NA,NA,NA,NA,NA,,,,,,,,,,,,,,,,,PL,1.6,27/05/2017,PLI,1040,SX,290,,,,,,,,,,,,,NA,0,NA,NA,NA,NA,NA,,,,,,,,,,,,,,,1,NA,NA,NA,NA,NA,NA,NA,NA,,,,,,,,,,,,,,,,,,,,,,,,,,,,,,,,,,,,
1672569,0,NA,0,NA,NA,NA,0,NA,0,NA,NA,NA,NA,NA,NA,NA,NA,,,,,,,,,,,,,,,,,PL,5,27/05/2017,PLI,4800,SX,3090,,,,,,,,,,,,,NA,0,NA,NA,NA,NA,NA,,,,,,,,,,,,,,,1,NA,NA,NA,NA,NA,NA,NA,NA,,,,,,,,,,,,,,,,,,,,,,,,,,,,,,,,,,,,
1672570,0,NA,0,NA,NA,NA,0,NA,0,NA,NA,NA,NA,NA,NA,NA,NA,,,,,,,,,,,,,,,,,PL,5,27/05/2017,PLI,1760,SX,780,,,,,,,,,,,,,NA,0,NA,NA,NA,NA,NA,,,,,,,,,,,,,,,1,NA,NA,NA,NA,NA,NA,NA,NA,,,,,,,,,,,,,,,,,,,,,,,,,,,,,,,,,,,,
1672572,0,NA,0,NA,NA,NA,0,NA,0,NA,NA,NA,NA,NA,NA,NA,NA,,,,,,,,,,,,,,,,,NA,0,NA,NA,NA,NA,NA,,,,,,,,,,,,,NA,0,NA,NA,NA,NA,NA,,,,,,,,,,,,,,,1,NA,NA,NA,NA,NA,NA,NA,NA,,,,,,,,,,,,,,,,,,,,,,,,,,,,,,,,,,,,
1672573,0,NA,0,NA,NA,NA,0,NA,0,NA,NA,NA,NA,NA,NA,NA,NA,,,,,,,,,,,,,,,,,PL,2.9,02/06/2017,PLI,2300,SX,1080,,,,,,,,,,,,,NA,0,NA,NA,NA,NA,NA,,,,,,,,,,,,,,,1,NA,NA,NA,NA,NA,NA,NA,NA,,,,,,,,,,,,,,,,,,,,,,,,,,,,,,,,,,,,
1686688,0,NA,0,NA,NA,NA,0,NA,0,NA,NA,NA,NA,NA,NA,NA,NA,,,,,,,,,,,,,,,,,PL,23.1,27/05/2018,PLI,9750,SX,4600,PLI,1000,PLI,8000,SX,6440,SX,360,,,,,NA,0,NA,NA,NA,NA,NA,,,,,,,,,,,,,,,1,NA,NA,NA,NA,NA,NA,NA,NA,,,,,,,,,,,,,,,,,,,,,,,,,,,,,,,,,,,,
1686731,0,NA,0,NA,NA,NA,0,NA,0,NA,NA,NA,NA,NA,NA,NA,NA,,,,,,,,,,,,,,,,,PL,3.5,28/05/2018,SX,2200,PLI,1260,PLI,1540,,,,,,,,,,,NA,0,NA,NA,NA,NA,NA,,,,,,,,,,,,,,,1,NA,NA,NA,NA,NA,NA,NA,NA,,,,,,,,,,,,,,,,,,,,,,,,,,,,,,,,,,,,
1686739,0,NA,0,NA,NA,NA,0,NA,0,NA,NA,NA,NA,NA,NA,NA,NA,,,,,,,,,,,,,,,,,RO,2,24/05/2018,PLI,2315,NA,NA,,,,,,,,,,,,,NA,0,NA,NA,NA,NA,NA,,,,,,,,,,,,,,,1,NA,NA,NA,NA,NA,NA,NA,NA,,,,,,,,,,,,,,,,,,,,,,,,,,,,,,,,,,,,
1687921,0,NA,0,NA,NA,NA,0,NA,0,NA,NA,NA,NA,NA,NA,NA,NA,,,,,,,,,,,,,,,,,PL,5.1,23/05/2017,PLI,4120,SX,1660,,,,,,,,,,,,,NA,0,NA,NA,NA,NA,NA,,,,,,,,,,,,,,,1,NA,NA,NA,NA,NA,NA,NA,NA,,,,,,,,,,,,,,,,,,,,,,,,,,,,,,,,,,,,
1687922,0,NA,0,NA,NA,NA,0,NA,0,NA,NA,NA,NA,NA,NA,NA,NA,,,,,,,,,,,,,,,,,PL,1.5,23/05/2017,PLI,1440,SX,630,,,,,,,,,,,,,NA,0,NA,NA,NA,NA,NA,,,,,,,,,,,,,,,1,NA,NA,NA,NA,NA,NA,NA,NA,,,,,,,,,,,,,,,,,,,,,,,,,,,,,,,,,,,,
1687933,0,NA,0,NA,NA,NA,0,NA,0,NA,NA,NA,NA,NA,NA,NA,NA,,,,,,,,,,,,,,,,,NA,0,NA,NA,NA,NA,NA,,,,,,,,,,,,,NA,0,NA,NA,NA,NA,NA,,,,,,,,,,,,,,,1,NA,NA,NA,NA,NA,NA,NA,NA,,,,,,,,,,,,,,,,,,,,,,,,,,,,,,,,,,,,
1687934,0,NA,0,NA,NA,NA,0,NA,0,NA,NA,NA,NA,NA,NA,NA,NA,,,,,,,,,,,,,,,,,NA,0,NA,NA,NA,NA,NA,,,,,,,,,,,,,NA,0,NA,NA,NA,NA,NA,,,,,,,,,,,,,,,1,NA,NA,NA,NA,NA,NA,NA,NA,,,,,,,,,,,,,,,,,,,,,,,,,,,,,,,,,,,,
1687935,0,NA,0,NA,NA,NA,0,NA,0,NA,NA,NA,NA,NA,NA,NA,NA,,,,,,,,,,,,,,,,,NA,0,NA,NA,NA,NA,NA,,,,,,,,,,,,,NA,0,NA,NA,NA,NA,NA,,,,,,,,,,,,,,,1,NA,NA,NA,NA,NA,NA,NA,NA,,,,,,,,,,,,,,,,,,,,,,,,,,,,,,,,,,,,
1688689,0,NA,0,NA,NA,NA,0,NA,0,NA,NA,NA,NA,NA,NA,NA,NA,,,,,,,,,,,,,,,,,PL,2.1,24/06/2019,PLI,1580,SX,1305,,,,,,,,,,,,,NA,0,NA,NA,NA,NA,NA,,,,,,,,,,,,,,,1,NA,NA,NA,NA,NA,NA,NA,NA,,,,,,,,,,,,,,,,,,,,,,,,,,,,,,,,,,,,
1692471,0,NA,0,NA,NA,NA,0,NA,0,NA,NA,NA,NA,NA,NA,NA,NA,,,,,,,,,,,,,,,,,PL,158.5,15/05/2019,PLI,6200,SX,35815,PLI,60425,PLI,65975,PLI,3000,SX,5800,SX,100800,SX,1000,NA,0,NA,NA,NA,NA,NA,,,,,,,,,,,,,,,1,NA,NA,NA,NA,NA,NA,NA,NA,,,,,,,,,,,,,,,,,,,,,,,,,,,,,,,,,,,,
1692477,0,NA,0,NA,NA,NA,0,NA,0,NA,NA,NA,NA,NA,NA,NA,NA,,,,,,,,,,,,,,,,,PL,127,17/05/2019,PLI,4650,SX,19100,PLI,69420,SX,30445,PLI,18945,SX,9120,,,,,NA,0,NA,NA,NA,NA,NA,,,,,,,,,,,,,,,1,NA,NA,NA,NA,NA,NA,NA,NA,,,,,,,,,,,,,,,,,,,,,,,,,,,,,,,,,,,,
1699758,0,NA,0,NA,NA,NA,0,NA,0,NA,NA,NA,NA,NA,NA,NA,NA,,,,,,,,,,,,,,,,,PL,9.6,21/05/2019,SX,3580,PLI,8840,,,,,,,,,,,,,NA,0,NA,NA,NA,NA,NA,,,,,,,,,,,,,,,1,NA,NA,NA,NA,NA,NA,NA,NA,,,,,,,,,,,,,,,,,,,,,,,,,,,,,,,,,,,,
1703095,0,NA,0,NA,NA,NA,0,NA,0,NA,NA,NA,NA,NA,NA,NA,NA,,,,,,,,,,,,,,,,,PL,65.9,18/06/2019,LW,5210,SX,83160,PLI,20600,FDI,11300,,,,,,,,,NA,0,NA,NA,NA,NA,NA,,,,,,,,,,,,,,,1,NA,NA,NA,NA,NA,NA,NA,NA,,,,,,,,,,,,,,,,,,,,,,,,,,,,,,,,,,,,
1703118,0,NA,0,NA,NA,NA,0,NA,0,NA,NA,NA,NA,NA,NA,NA,NA,,,,,,,,,,,,,,,,,PL,8.6,18/06/2019,FDI,990,PLI,4480,LW,1210,SX,11415,,,,,,,,,NA,0,NA,NA,NA,NA,NA,,,,,,,,,,,,,,,1,NA,NA,NA,NA,NA,NA,NA,NA,,,,,,,,,,,,,,,,,,,,,,,,,,,,,,,,,,,,
1704480,0,NA,0,NA,NA,NA,0,NA,0,NA,NA,NA,NA,NA,NA,NA,NA,,,,,,,,,,,,,,,,,PL,4.4,17/05/2019,PLI,2420,PLI,1020,FDI,1590,,,,,,,,,,,NA,0,NA,NA,NA,NA,NA,,,,,,,,,,,,,,,1,NA,NA,NA,NA,NA,NA,NA,NA,,,,,,,,,,,,,,,,,,,,,,,,,,,,,,,,,,,,
1720722,0,NA,0,NA,NA,NA,0,NA,0,NA,NA,NA,NA,NA,NA,NA,NA,,,,,,,,,,,,,,,,,NA,0,NA,NA,NA,NA,NA,,,,,,,,,,,,,NA,0,NA,NA,NA,NA,NA,,,,,,,,,,,,,,,0,NA,NA,NA,NA,NA,NA,NA,NA,,,,,,,,,,,,,,,,,,,,,,,,,,,,,,,,,,,,
