"","Plot_ID","Burn_status","Fire_ID","Fire_Name","Field_Date","Aspect","Slope_.","UTM_Zone","LFH_cov","Moss_cov","Soil_Rock_cov","Fuelbed_cov","CBI_A","herb_cov","shrub_cov","tree_cov","CBI_B","CBI_C","CBI_D","CBI_US","CBI_OS","CBI_TOT","DOB_average","CWD_Pattern","broadcast_burned","disc_trenched","mounded","brushed","spaced","Lv_Pli_BA","Dd_Pli_BA","Lv_Sx_BA","Dd_Sx_BA","Lv_Bl_BA","Dd_Bl_BA","Lv_At_BA","Dd_At_BA","Lv_Ac_BA","Dd_Ac_BA","Lv_W_BA","Dd_W_BA","Lv_oth_BA","Dd_oth_BA","Prism_BA","CanopyBaseHt","PCQ_density","UTM_E","UTM_N","inside_study","FEATURE_ID","MAP_ID","POLYGON_ID","OPENING_IN","OPENING_SO","OPENING_NU","OPENING_ID.x","BASAL_AREA","CROWN_CLOS","CROWN_CL_1","FREE_TO_GR","HARVEST_DA","PROJ_AGE_1","PROJ_AGE_C","PROJ_AGE_2","PROJ_AGE_3","PROJ_HEIGH","PROJ_HEI_1","PROJ_HEI_2","PROJ_HEI_3","SPECIES_CD","SPECIES_PC","SPECIES__1","SPECIES__2","SPECIES__3","SPECIES__4","SPECIES__5","SPECIES__6","SPECIES__7","SPECIES__8","SPECIES__9","SPECIES_10","OPENING_ID.y","OPENING_ST","APPROVE_DA","DISTURBANC","DISTURBA_1","DENUDATION","DENUDATI_1","DENUDATI_2","DENUDATI_3","DENUDATI_4","DENUDATI_5","DENUDATI_6","DENUDATI_7","DENUDATI_8","DENUDATI_9","DENUDAT_10","SITE_PREP_","SITE_PREP1","SITE_PRE_1","SITE_PRE_2","SITE_PRE_3","SITE_PRE_4","SITE_PRE_5","PLANTING_1","PLANTING_2","PLANTING_3","PLANTING_4","PLANTING_5","PLANTING_6","PLANTING_C","BRUSHING_T","BRUSHING_1","BRUSHING_C","BRUSHING_2","SPACING_TR","SPACING_CO","SPACING__1","FERTILIZAT","FERTILIZ_1","FERTILIZ_2","PRUNING_TR","PRUNING_CO","PRUNING__1","SLOPE","ASPECT","dNBR_C10784","dNBR_C10970","dNBR_C11837","dNBR_C11937","dNBR_C12594","dNBR_C20279","dNBR_C20735","dNBR_C50647","dNBR_C50744","dNBR_G41607","dNBR_G51632","dNBR_K20637","dNBR_R11498","dNBR_R11796","dNBR_R11921","dNBR_R12068","dNBR_R21721","dNBR_R91947","dNBR_VA1787","dNBR_VA1964","coords.x1","coords.x2","optional"
"14","NL01","burned","R21721","Nadina",2021-08-23,"131",3,9,25,30,0,3,2.875,75,35,60,3,2.25,2.583333333,2.708333333,2.583333333,2.569444444,20,"sparse",0,0,0,0,0,0,58,0,0,0,0,0,0,0,0,0,0,0,0,116,5.1,NA,662904,5981052,TRUE,13368864,"093E098",84064923,"Y","11","21",-500540000,23.020769,35,"3","Y","1986/07/01 00:00:00.000",29,"2",29,"2",13.3999996185303,"2",8.5,"1","PLI",90,"SX",5,"AT",5,NA,NA,NA,NA,NA,NA,-500840000,"FG",1986-07-01,1986-07-01,1986-10-01,"L","CLEAR",NA,NA,1986-10-01,NA,NA,NA,NA,NA,1,"ME",2,1986-10-01,"ME",4,1986-10-01,3,"PL",7,1987-06-01,"FP",8,1991-05-01,2,NA,0,NA,0,0,NA,0,0,NA,0,0,NA,0,3.6,69.1,NA,NA,NA,NA,NA,NA,NA,NA,NA,NA,NA,NA,NA,NA,NA,NA,1.0036346912384,NA,NA,NA,966124.102788916,994393.890770653,TRUE
"15","NL02","unburned","R21721","Nadina",2021-08-23,"112",5,9,25,30,0,3,0,75,35,60,0,0,0,0,0,0,0,"sparse",1,0,0,0,0,25,2,6,0,0,0,0,0,0,0,0,0,0,0,66,3.91,2481,663068,5980852,TRUE,13935107,"093E098",84044668,"Y","11","13",-500740000,47.270081,45,"4","Y","1982/06/01 00:00:00.000",31,"2",25,"2",15.1000003814697,"2",8.39999961853027,"1","PLI",50,"SX",20,"BL",20,"AT",10,NA,NA,NA,NA,-500740000,"FG",1982-06-01,1982-06-01,1982-06-01,"L","CLEAR",NA,NA,1982-06-01,NA,NA,NA,NA,NA,1,"ME",71,1983-09-01,NA,0,NA,1,"PL",67,1984-05-01,NA,0,NA,1,NA,0,NA,0,0,NA,0,0,NA,1,0,NA,0,6.9,57.6,NA,NA,NA,NA,NA,NA,NA,NA,NA,NA,NA,NA,NA,NA,NA,NA,0.142980873584747,NA,NA,NA,966279.071792817,994186.557334206,TRUE
"15.1","NL02","unburned","R21721","Nadina",2021-08-23,"112",5,9,25,30,0,3,0,75,35,60,0,0,0,0,0,0,0,"sparse",1,0,0,0,0,25,2,6,0,0,0,0,0,0,0,0,0,0,0,66,3.91,2481,663068,5980852,TRUE,13935107,"093E098",84044668,"Y","11","13",-500740000,47.270081,45,"4","Y","1982/06/01 00:00:00.000",31,"2",25,"2",15.1000003814697,"2",8.39999961853027,"1","PLI",50,"SX",20,"BL",20,"AT",10,NA,NA,NA,NA,1730649,"APP",2020-02-12,2018-07-31,2018-07-31,"B",NA,NA,NA,2018-07-31,NA,NA,NA,NA,NA,1,NA,0,NA,NA,0,NA,1,NA,0,NA,NA,0,NA,1,NA,0,NA,0,0,NA,0,0,NA,0,0,NA,0,6.9,57.6,NA,NA,NA,NA,NA,NA,NA,NA,NA,NA,NA,NA,NA,NA,NA,NA,0.142980873584747,NA,NA,NA,966279.071792817,994186.557334206,TRUE
"16","NL03","unburned","R21721","Nadina",2021-08-23,"305",10,9,45,20,1,5,0,35,5,45,0,0,0,0,0,0,0,"large",1,0,0,0,0,25,0,10,0,0,0,0,0,0,0,0,0,0,0,70,2.98,5176,665307,5979866,TRUE,13935133,"093E098",2064060,"Y","11","26",-500860000,39.05814,40,"4","Y","1986/05/31 00:00:00.000",26,"2",22,"2",13.3000001907349,"2",5.40000009536743,"1","PLI",45,"SX",40,"BL",10,"AT",5,NA,NA,NA,NA,-500860000,"FG",1986-06-01,1986-06-01,1987-08-01,"L","CLEAR",NA,NA,1987-08-01,NA,NA,NA,NA,NA,1,"ME",28,1987-08-01,NA,0,NA,1,"PL",96,1988-06-01,NA,0,NA,1,NA,0,NA,0,0,NA,0,0,NA,0,0,NA,0,3,338.2,NA,NA,NA,NA,NA,NA,NA,NA,NA,NA,NA,NA,NA,NA,NA,NA,-0.0544649697840214,NA,NA,NA,968468.502292666,993103.738917593,TRUE
"17","NL04","burned","R21721","Nadina",2021-08-23,"279",6,9,25,20,5,2,2.625,80,3,45,2.875,1.875,2.25,2.458333333,2.25,2.25,8.2,"sparse",0,0,0,0,0,0,12,0,0,0,0,0,0,0,0,0,0,0,0,24,1.33,1754,668296,5981127,TRUE,13451892,"093E098",17834887,"Y","11","801",61500,7,40,"4","N","1997/07/01 00:00:00.000",17,"1",NA,NA,7.5,"1",NA,NA,"PLI",100,NA,NA,NA,NA,NA,NA,NA,NA,NA,NA,61500,"FG",1996-02-19,1997-07-01,1999-10-01,"L","CLEAR",NA,"REMOV",1997-09-01,"L","CLEAR",NA,"REMOV",1998-10-01,3,NA,0,NA,NA,0,NA,0,"PL",3.4,2000-05-01,"PL",3.1,1998-05-01,3,NA,0,NA,0,0,NA,0,0,NA,0,0,NA,0,5.3,337.7,NA,NA,NA,NA,NA,NA,NA,NA,NA,NA,NA,NA,NA,NA,NA,NA,0.682927668094635,NA,NA,NA,971500.209146654,994240.316908536,TRUE
"17.1","NL04","burned","R21721","Nadina",2021-08-23,"279",6,9,25,20,5,2,2.625,80,3,45,2.875,1.875,2.25,2.458333333,2.25,2.25,8.2,"sparse",0,0,0,0,0,0,12,0,0,0,0,0,0,0,0,0,0,0,0,24,1.33,1754,668296,5981127,TRUE,13451892,"093E098",17834887,"Y","11","801",61500,7,40,"4","N","1997/07/01 00:00:00.000",17,"1",NA,NA,7.5,"1",NA,NA,"PLI",100,NA,NA,NA,NA,NA,NA,NA,NA,NA,NA,1727407,"FG",2019-08-22,2018-07-31,2018-09-01,"B",NA,NA,NA,2018-09-01,NA,NA,NA,NA,NA,1,NA,0,NA,NA,0,NA,0,NA,0,NA,NA,0,NA,0,NA,0,NA,0,0,NA,0,0,NA,0,0,NA,0,5.8,339.2,NA,NA,NA,NA,NA,NA,NA,NA,NA,NA,NA,NA,NA,NA,NA,NA,0.682927668094635,NA,NA,NA,971500.209146654,994240.316908536,TRUE
"18","NL05","unburned","R21721","Nadina",2021-08-23,"296",7,9,25,20,5,2,0.625,80,3,45,0.75,0,0.75,0.458333333,0.75,0.458333333,1.5,"few",0,0,0,0,0,21,0,0,0,0,0,0,0,0,0,0,0,0,0,42,2.12,2898,668405,5981124,TRUE,13451892,"093E098",17834887,"Y","11","801",61500,7,40,"4","N","1997/07/01 00:00:00.000",17,"1",NA,NA,7.5,"1",NA,NA,"PLI",100,NA,NA,NA,NA,NA,NA,NA,NA,NA,NA,61500,"FG",1996-02-19,1997-07-01,1999-10-01,"L","CLEAR",NA,"REMOV",1997-09-01,"L","CLEAR",NA,"REMOV",1998-10-01,3,NA,0,NA,NA,0,NA,0,"PL",3.4,2000-05-01,"PL",3.1,1998-05-01,3,NA,0,NA,0,0,NA,0,0,NA,0,0,NA,0,5.3,337.7,NA,NA,NA,NA,NA,NA,NA,NA,NA,NA,NA,NA,NA,NA,NA,NA,0.0993917509913445,NA,NA,NA,971608.695811267,994232.687571318,TRUE
"18.1","NL05","unburned","R21721","Nadina",2021-08-23,"296",7,9,25,20,5,2,0.625,80,3,45,0.75,0,0.75,0.458333333,0.75,0.458333333,1.5,"few",0,0,0,0,0,21,0,0,0,0,0,0,0,0,0,0,0,0,0,42,2.12,2898,668405,5981124,TRUE,13451892,"093E098",17834887,"Y","11","801",61500,7,40,"4","N","1997/07/01 00:00:00.000",17,"1",NA,NA,7.5,"1",NA,NA,"PLI",100,NA,NA,NA,NA,NA,NA,NA,NA,NA,NA,1727407,"FG",2019-08-22,2018-07-31,2018-09-01,"B",NA,NA,NA,2018-09-01,NA,NA,NA,NA,NA,1,NA,0,NA,NA,0,NA,0,NA,0,NA,NA,0,NA,0,NA,0,NA,0,0,NA,0,0,NA,0,0,NA,0,5.8,339.2,NA,NA,NA,NA,NA,NA,NA,NA,NA,NA,NA,NA,NA,NA,NA,NA,0.0993917509913445,NA,NA,NA,971608.695811267,994232.687571318,TRUE
"19","NL06","unburned","R21721","Nadina",2021-08-23,"302",9,9,25,35,0,1,0,50,3,65,0,0,0,0,0,0,0,"",1,0,0,0,0,28,0,4,0,2,0,2,2,0,0,0,0,0,0,76,5.46,3564,668051,5980826,TRUE,13368100,"093E098",14374594,"Y","11","504",-5.7e+08,22.538862,45,"4","Y","1984/02/01 00:00:00.000",28,"2",28,"2",9.80000019073486,"1",7.5,"1","PLI",95,"SX",3,"AT",2,NA,NA,NA,NA,NA,NA,-5.7e+08,"FG",1984-02-01,1984-02-01,1987-01-01,"L",NA,NA,NA,1987-01-01,NA,NA,NA,NA,NA,1,"ME",11,1988-10-01,"ME",9,1988-10-01,3,"PL",20,1990-05-01,NA,0,NA,1,NA,0,NA,0,0,NA,0,21.3,2012-10-15,1,0,NA,0,11.1,325.4,NA,NA,NA,NA,NA,NA,NA,NA,NA,NA,NA,NA,NA,NA,NA,NA,-0.0335028693079948,NA,NA,NA,971243.358582673,993949.148005167,TRUE
"20","NL07","burned","R21721","Nadina",2021-08-23,"215",8,9,15,15,1,1,3,65,3,45,2.625,2.75,2.166666667,2.791666667,2.166666667,2.638888889,11.9,"sparse",0,0,0,0,0,0,15,0,0,0,0,0,0,0,0,0,0,0,0,30,3.19,793,605168,5981216,FALSE,13768924,"093E094",45766618,"N","4",NA,NA,NA,NA,NA,"N",NA,NA,NA,NA,NA,NA,NA,NA,NA,NA,NA,NA,NA,NA,NA,NA,NA,NA,NA,NA,NA,NA,NA,NA,NA,NA,NA,NA,NA,NA,NA,NA,NA,NA,NA,NA,NA,NA,NA,NA,NA,NA,NA,NA,NA,NA,NA,NA,NA,NA,NA,NA,NA,NA,NA,NA,NA,NA,NA,NA,NA,NA,NA,NA,NA,NA,NA,NA,NA,NA,NA,NA,NA,NA,NA,NA,NA,NA,NA,NA,NA,NA,NA,NA,NA,NA,908592.821659788,997005.765384723,TRUE
"21","NL08","unburned","R21721","Nadina",2021-08-23,"328",9,9,25,30,1,1,0,85,15,60,0,0,0,0,0,0,0,"sparse",1,0,0,0,0,43,0,3,0,0,0,0,0,0,0,0,0,0,0,92,5.52,2829,666331,5980534,TRUE,13369261,"093E098",4034635,"Y","11","506",-569970000,35.34478,45,"4","Y","1980/06/01 00:00:00.000",36,"2",36,"2",12.3000001907349,"2",14.3000001907349,"2","PLI",90,"AT",5,"SX",5,NA,NA,NA,NA,NA,NA,-569970000,"FG",1980-06-01,1980-06-01,1980-11-01,"L",NA,NA,NA,1980-11-01,NA,NA,NA,NA,NA,1,"ME",21,1982-01-01,NA,0,NA,1,"PL",21,1984-06-01,NA,0,NA,1,NA,0,NA,0,0,NA,0,22.4,2012-10-15,1,0,NA,0,4.3,317.8,NA,NA,NA,NA,NA,NA,NA,NA,NA,NA,NA,NA,NA,NA,NA,NA,0.0138685870915651,NA,NA,NA,969517.110306981,993729.559238349,TRUE
"22","NL09","burned","R21721","Nadina",2021-08-23,"130",2,9,15,15,5,2,2.875,70,3,45,2.5,1.625,2.333333333,2.333333333,2.333333333,2.277777778,4.8,"sparse",1,0,0,0,0,0,26,0,0,0,0,0,0,0,0,0,0,0,0,52,3.16,2922,668267,5978554,TRUE,13367940,"093E098",16273413,"Y","11","583",-570230000,3.96566,45,"4","Y","1992/02/01 00:00:00.000",24,"2",24,"2",8.19999980926514,"1",6,"1","PLI",95,"SX",5,NA,NA,NA,NA,NA,NA,NA,NA,-570230000,"FG",1990-10-04,1992-02-01,1992-02-01,"L","CLEAR",NA,NA,1992-02-01,NA,NA,NA,NA,NA,1,"GS",23.7,1995-05-15,"ME",25,1992-11-01,2,"PL",25,1993-06-01,NA,0,NA,1,NA,0,NA,0,0,NA,0,0,NA,0,0,NA,0,3,9.4,NA,NA,NA,NA,NA,NA,NA,NA,NA,NA,NA,NA,NA,NA,NA,NA,1.05270898342133,NA,NA,NA,971362.598055974,991663.751648297,TRUE
"23","NL10","unburned","R21721","Nadina",2021-08-23,"342",13,9,30,20,1,12,0,65,8,65,0,0,0,0,0,0,0,"large",0,0,0,0,0,45,2,0,0,2,0,0,0,0,0,0,0,0,0,98,5.63,2380,669957,5974426,TRUE,13197511,"093E088",22750834,"Y","4","501",-569460000,35.176838,65,"6","Y","1978/01/01 00:00:00.000",35,"2",27,"2",13.1000003814697,"2",4.80000019073486,"1","PLI",90,"SX",10,NA,NA,NA,NA,NA,NA,NA,NA,-569460000,"FG",1978-12-01,1978-12-01,1978-01-01,"L",NA,NA,NA,1978-01-01,NA,NA,NA,NA,NA,1,"BU",31,1978-01-01,"ME",27,1980-01-01,2,"PL",24,1981-01-01,NA,0,NA,1,NA,0,NA,0,0,NA,0,16,2016-10-15,1,0,NA,0,0.4,206,NA,NA,NA,NA,NA,NA,NA,NA,NA,NA,NA,NA,NA,NA,NA,NA,0.00104174227453768,NA,NA,NA,972872.257966575,987456.433699795,TRUE
"24","NL11","unburned","R21721","Nadina",2021-08-23,"280",3,9,80,20,0.5,20,0,5,2,60,0,0,0,0,0,0,0,"sparse",0,0,0,0,0,59,0,0,0,0,0,0,0,0,0,0,0,0,0,118,7.46,5289,667164,5972473,TRUE,13197485,"093E088",5729715,"Y","4","15",-491530000,31.828331,70,"7","Y","1969/03/01 00:00:00.000",44,"3",30,"2",14.8999996185303,"2",15,"2","PLI",65,"AT",25,"SX",10,NA,NA,NA,NA,NA,NA,-491530000,"FG",1969-03-01,1969-03-01,1970-07-01,"L",NA,NA,NA,1970-07-01,NA,NA,NA,NA,NA,1,"BU",75,1970-09-01,"ME",48,1970-07-01,3,"PL",74,1972-06-01,"PL",7,1990-06-01,2,"MA",3.8,2000-10-26,1,0,NA,0,79.2,2016-10-15,1,0,NA,0,1.9,355.4,NA,NA,NA,NA,NA,NA,NA,NA,NA,NA,NA,NA,NA,NA,NA,NA,-0.0200852043926716,NA,NA,NA,970006.663579572,985618.200846612,TRUE
"25","NL12","burned","R21721","Nadina",2021-08-24,"17",8,9,20,15,1,7,2.375,70,5,55,3,2.125,2.083333333,2.5,2.083333333,2.194444444,8.8,"sparse",0,0,0,0,0,0,0,0,28,0,2,0,0,0,0,0,0,0,0,60,3.16,6400,652545,5983194,TRUE,10863106,"093E097",24026398,"N","4",NA,-513470000,10,45,"4","Y","1986/01/01 00:00:00.000",23,"2",28,"2",8,"1",10.8000001907349,"2","SX",55,"PLI",40,"ACT",5,NA,NA,NA,NA,NA,NA,-513470000,"FG",1986-03-01,1986-03-01,1986-10-01,"L","CLEAR",NA,NA,1986-10-01,NA,NA,NA,NA,NA,1,"ME",1,1992-11-01,"ME",4,1986-10-01,2,"FP",2.8,1995-05-24,"PL",2,1988-06-01,3,NA,0,NA,0,0,NA,0,0,NA,0,0,NA,0,6.4,113.5,NA,NA,NA,NA,NA,NA,NA,NA,NA,NA,NA,NA,NA,NA,NA,NA,0.887906789779663,NA,NA,NA,955891.985813015,996979.360981394,TRUE
"26","NL13","unburned","R21721","Nadina",2021-08-24,"310",3,9,35,15,2,4,0,65,4,57,0,0,0,0,0,0,0,"few",1,0,0,0,0,25,0,0,0,0,0,0,0,0,0,0,0,0,0,50,5.84,2114,649931,5983519,TRUE,10862545,"093E097",10276656,"N","4",NA,-513210000,10,50,"5","Y","1980/01/01 00:00:00.000",28,"2",33,"2",9,"1",13.1999998092651,"2","SX",80,"PLI",20,NA,NA,NA,NA,NA,NA,NA,NA,-513210000,"FG",1980-01-01,1980-01-01,1983-09-01,"L","CLEAR",NA,NA,1983-09-01,NA,NA,NA,NA,NA,1,"ME",2,1991-08-01,"BU",102,1983-09-01,2,"PL",43,1992-06-01,"PL",103,1984-05-01,2,NA,0,NA,0,0,NA,0,0,NA,0,0,NA,0,5.3,28.2,NA,NA,NA,NA,NA,NA,NA,NA,NA,NA,NA,NA,NA,NA,NA,NA,-0.0686839893460274,NA,NA,NA,953300.838815042,997415.862319617,TRUE
"27","NL14","burned","R21721","Nadina",2021-08-24,"112",21,9,20,15,5,5,1.625,60,5,35,1.875,2.125,1.75,1.875,1.75,1.833333333,9.2,"sparse",0,0,0,0,0,2,8,0,0,0,13,0,0,0,0,0,0,0,0,46,1.41,4244,643792,5980893,TRUE,13766120,"093E096",71125227,"N","4",NA,-512720000,2.76208,35,"3","Y","1982/01/01 00:00:00.000",34,"2",34,"2",7.69999980926514,"1",7.09999990463257,"1","PLI",70,"SX",20,"AT",10,NA,NA,NA,NA,NA,NA,-512720000,"FG",1982-03-01,1982-03-01,1984-01-01,"L","CLEAR",NA,NA,1984-01-01,NA,NA,NA,NA,NA,1,"ME",28,1985-09-01,"ME",4,1985-12-01,5,"FP",43,1991-05-01,"FP",2.5,1993-05-17,3,NA,0,NA,0,0,NA,0,0,NA,0,0,NA,0,12,324.2,NA,NA,NA,NA,NA,NA,NA,NA,NA,NA,NA,NA,NA,NA,NA,NA,0.116215869784355,NA,NA,NA,947072.060029397,995045.074272804,TRUE
"28","NL15","burned","R21721","Nadina",2021-08-24,"240",17,9,35,20,5,1,2.375,60,1,60,2.5,1.875,1.916666667,2.25,1.916666667,2.055555556,6.9,"sparse",0,0,0,0,1,0,27,0,0,0,0,0,0,0,0,0,0,0,0,54,4.4,3822,644205,5982332,TRUE,13766669,"093E096",74836097,"N","4",NA,-513130000,16.55703,50,"5","Y","1982/01/01 00:00:00.000",34,"2",34,"2",8.80000019073486,"1",8.19999980926514,"1","PLI",90,"SX",10,NA,NA,NA,NA,NA,NA,NA,NA,NA,NA,NA,NA,NA,NA,NA,NA,NA,NA,NA,NA,NA,NA,NA,NA,NA,NA,NA,NA,NA,NA,NA,NA,NA,NA,NA,NA,NA,NA,NA,NA,NA,NA,NA,NA,NA,NA,NA,NA,NA,NA,NA,NA,NA,NA,NA,NA,NA,NA,NA,NA,NA,NA,NA,NA,NA,NA,NA,NA,NA,0.506016135215759,NA,NA,NA,947544.496515275,996469.383643213,TRUE
"29","NL16","burned","R21721","Nadina",2021-08-24,"137",16,9,25,20,4,2,2.5,70,2,65,2.5,2.375,1.916666667,2.458333333,1.916666667,2.263888889,8.5,"sparse",0,0,0,0,0,0,35,0,0,0,0,0,0,0,0,0,0,0,0,70,4.72,3931,642940,5981727,TRUE,13765939,"093E096",64005709,"N","4",NA,-512890000,22.10915,60,"6","Y","1985/01/01 00:00:00.000",31,"2",31,"2",11,"2",8,"1","PLI",95,"SX",5,NA,NA,NA,NA,NA,NA,NA,NA,-512890000,"FG",1985-10-01,1985-10-01,1988-01-01,"L","CLEAR",NA,NA,1988-01-01,NA,NA,NA,NA,NA,1,NA,0,NA,NA,0,NA,0,"FP",2.6,1993-05-17,"PL",12,1988-08-01,2,NA,0,NA,0,0,NA,0,0,NA,0,0,NA,0,18.2,156.3,NA,NA,NA,NA,NA,NA,NA,NA,NA,NA,NA,NA,NA,NA,NA,NA,0.955950736999512,NA,NA,NA,946258.277257812,995916.836438447,TRUE
"30","NL17","unburned","R21721","Nadina",2021-08-24,"111",11,9,15,30,1,30,0.6,55,5,60,0.75,0.375,0.5,0.575,0.5,0.491666667,1.3,"large",0,0,0,1,1,25,0,0,0,0,0,0,0,0,0,8,0,0,0,66,4.17,1659,638906,5981737,TRUE,13766682,"093E096",41355800,"N","4",NA,-512690000,6.59212,45,"4","Y","1981/01/01 00:00:00.000",35,"2",35,"2",9.89999961853027,"1",9.30000019073486,"1","PLI",95,"SX",5,NA,NA,NA,NA,NA,NA,NA,NA,-512690000,"FG",1981-03-01,1981-03-01,1982-09-01,"L","CLEAR",NA,NA,1982-09-01,NA,NA,NA,NA,NA,1,"ME",75,1982-07-01,NA,0,NA,1,"PL",73,1986-05-01,NA,0,NA,1,NA,0,NA,0,24.4,2003-09-05,2,0,NA,0,37.9,2003-11-21,1,2,4.9,NA,NA,NA,NA,NA,NA,NA,NA,NA,NA,NA,NA,NA,NA,NA,NA,-0.0214861016720533,NA,NA,NA,942238.601129211,996097.898184077,TRUE
"31","NL18","burned","R21721","Nadina",2021-08-24,"328",4,9,20,5,20,1,2.5,50,60,40,2.75,1.875,1.833333333,2.375,1.833333333,2.069444444,6.4,"sparse",0,0,0,0,0,0,18,0,0,0,0,0,0,0,0,0,0,0,0,36,2.76,5569,645074,5986957,TRUE,10811794,"093L007",81718816,"N","4",NA,-514260000,2.24676,10,"1","N",NA,25,"2",26,"2",10,"1",13,"2","PLI",75,"AT",15,"SX",10,NA,NA,NA,NA,NA,NA,-514260000,"RET",1985-07-01,1985-07-01,2010-09-15,"L","CLEAR",NA,NA,1986-09-01,"B",NA,NA,NA,2010-09-15,2,"ME",0.5,1993-06-01,"ME",58.1,2013-10-14,6,"PL",66,1988-06-01,"FP",44.6,2018-06-01,5,"MA",3.7,2001-11-22,1,0,NA,0,0,NA,0,0,NA,0,7.9,124.7,NA,NA,NA,NA,NA,NA,NA,NA,NA,NA,NA,NA,NA,NA,NA,NA,0.927745461463928,NA,NA,NA,948606.150396507,1001066.60022573,TRUE
"31.1","NL18","burned","R21721","Nadina",2021-08-24,"328",4,9,20,5,20,1,2.5,50,60,40,2.75,1.875,1.833333333,2.375,1.833333333,2.069444444,6.4,"sparse",0,0,0,0,0,0,18,0,0,0,0,0,0,0,0,0,0,0,0,36,2.76,5569,645074,5986957,TRUE,10811794,"093L007",81718816,"N","4",NA,-514260000,2.24676,10,"1","N",NA,25,"2",26,"2",10,"1",13,"2","PLI",75,"AT",15,"SX",10,NA,NA,NA,NA,NA,NA,1723358,"APP",2019-08-21,2018-07-31,2018-07-31,"B",NA,NA,NA,2018-07-31,NA,NA,NA,NA,NA,1,NA,0,NA,NA,0,NA,0,NA,0,NA,NA,0,NA,1,NA,0,NA,0,0,NA,0,0,NA,0,0,NA,0,7.9,124.7,NA,NA,NA,NA,NA,NA,NA,NA,NA,NA,NA,NA,NA,NA,NA,NA,0.927745461463928,NA,NA,NA,948606.150396507,1001066.60022573,TRUE
"32","NL19","burned","R21721","Nadina",2021-08-24,"167",12,9,30,15,15,2,2.125,55,3,60,2.625,1.75,2,2.166666667,2,1.958333333,4.5,"sparse",0,0,0,0,0,0,35,0,0,0,0,0,0,0,0,0,0,0,0,70,6.15,1502,645450,5987360,TRUE,10812323,"093L007",84819140,"N","4",NA,-514260000,2.81298,25,"2","N",NA,28,"2",26,"2",11.1000003814697,"2",11.8000001907349,"2","PLI",65,"AT",25,"SX",10,NA,NA,NA,NA,NA,NA,-514260000,"RET",1985-07-01,1985-07-01,2010-09-15,"L","CLEAR",NA,NA,1986-09-01,"B",NA,NA,NA,2010-09-15,2,"ME",0.5,1993-06-01,"ME",58.1,2013-10-14,6,"PL",66,1988-06-01,"FP",44.6,2018-06-01,5,"MA",3.7,2001-11-22,1,0,NA,0,0,NA,0,0,NA,0,7.9,124.7,NA,NA,NA,NA,NA,NA,NA,NA,NA,NA,NA,NA,NA,NA,NA,NA,0.864863693714142,NA,NA,NA,948997.898507303,1001454.43992433,TRUE
"32.1","NL19","burned","R21721","Nadina",2021-08-24,"167",12,9,30,15,15,2,2.125,55,3,60,2.625,1.75,2,2.166666667,2,1.958333333,4.5,"sparse",0,0,0,0,0,0,35,0,0,0,0,0,0,0,0,0,0,0,0,70,6.15,1502,645450,5987360,TRUE,10812323,"093L007",84819140,"N","4",NA,-514260000,2.81298,25,"2","N",NA,28,"2",26,"2",11.1000003814697,"2",11.8000001907349,"2","PLI",65,"AT",25,"SX",10,NA,NA,NA,NA,NA,NA,1723358,"APP",2019-08-21,2018-07-31,2018-07-31,"B",NA,NA,NA,2018-07-31,NA,NA,NA,NA,NA,1,NA,0,NA,NA,0,NA,0,NA,0,NA,NA,0,NA,1,NA,0,NA,0,0,NA,0,0,NA,0,0,NA,0,7.9,124.7,NA,NA,NA,NA,NA,NA,NA,NA,NA,NA,NA,NA,NA,NA,NA,NA,0.864863693714142,NA,NA,NA,948997.898507303,1001454.43992433,TRUE
"33","NL20","burned","R21721","Nadina",2021-08-24,"N/A",0,9,15,10,15,10,1.875,70,10,45,2.75,2.125,2.083333333,2.25,2.083333333,2.027777778,7,"sparse",0,1,0,0,0,0,0,22,0,0,0,0,0,0,0,0,0,0,0,44,3.7,1056,648403,5989823,TRUE,10812170,"093L007",99310402,"N","4",NA,-514350000,11.72267,40,"4","Y","1986/01/01 00:00:00.000",29,"2",26,"2",10.1999998092651,"1",6.19999980926514,"1","PLI",80,"SX",10,"AT",10,NA,NA,NA,NA,NA,NA,-514350000,"FG",1986-03-01,1986-03-01,1986-08-01,"L","CLEAR",NA,NA,1986-08-01,NA,NA,NA,NA,NA,1,"ME",10,1986-09-01,"ME",1,1990-10-01,2,"PL",17,1987-06-01,"FP",11,1991-05-01,2,NA,0,NA,0,0,NA,0,0,NA,0,0,NA,0,2.8,170.4,NA,NA,NA,NA,NA,NA,NA,NA,NA,NA,NA,NA,NA,NA,NA,NA,0.944637715816498,NA,NA,NA,952044.857489819,1003796.96574266,TRUE
"34","PC01","burned","C10784","Plateau",2021-08-17,"317",1,10,30,40,1,5,2.4,40,40,35,2.75,2.75,1.416666667,2.633333333,1.416666667,2.188888889,7.2,"few",0,0,0,0,0,2,2,0,8,0,1,9,0,0,0,0,0,0,0,44,2.37,1405,485364,5806361,TRUE,11411715,"093B044",97435810,"N","12",NA,NA,9.78298,20,"2","N",NA,133,"7",112,"6",19.7999992370605,"3",15.6000003814697,"2","SX",53,"PLI",29,"AT",18,NA,NA,NA,NA,NA,NA,NA,NA,NA,NA,NA,NA,NA,NA,NA,NA,NA,NA,NA,NA,NA,NA,NA,NA,NA,NA,NA,NA,NA,NA,NA,NA,NA,NA,NA,NA,NA,NA,NA,NA,NA,NA,NA,NA,NA,NA,NA,NA,NA,NA,NA,0.13295903801918,NA,NA,NA,NA,NA,NA,NA,NA,NA,NA,NA,NA,NA,NA,NA,NA,NA,NA,NA,1189064.91601288,825636.146256031,TRUE
"35","PC02","unburned","C10784","Plateau",2021-08-17,"200",6,10,20,50,0,8,0,45,20,55,0,0,0,0,0,0,0,"few",0,0,0,0,0,2,0,24,2,10,2,0,0,0,0,0,0,0,0,80,3.47,2345,483126,5809493,TRUE,13135317,"093B044",81907540,"N","12",NA,NA,9.4805,27,"3","N",NA,83,"5",126,"7",13.3000001907349,"2",19,"2","PLI",54,"SX",34,"AT",12,NA,NA,NA,NA,NA,NA,NA,NA,NA,NA,NA,NA,NA,NA,NA,NA,NA,NA,NA,NA,NA,NA,NA,NA,NA,NA,NA,NA,NA,NA,NA,NA,NA,NA,NA,NA,NA,NA,NA,NA,NA,NA,NA,NA,NA,NA,NA,NA,NA,NA,NA,0.0112810283899307,NA,NA,NA,NA,NA,NA,NA,NA,NA,NA,NA,NA,NA,NA,NA,NA,NA,NA,NA,1186700.04425503,828678.764770171,TRUE
"36","PC03","burned","C10784","Plateau",2021-08-17,"122",8,10,40,40,0,10,2.125,30,30,25,2.5,1.625,1.416666667,2.083333333,1.416666667,1.722222222,6.2,"clusters",0,0,0,0,0,14,13,0,0,0,0,0,0,0,0,0,0,0,0,54,6.11,NA,481965,5810861,TRUE,13591244,"093B044",72988104,"N","12",NA,NA,11.766521,42,"4","N",NA,83,"5",121,"7",12.3000001907349,"2",14.5,"2","PLI",86,"SX",14,NA,NA,NA,NA,NA,NA,NA,NA,NA,NA,NA,NA,NA,NA,NA,NA,NA,NA,NA,NA,NA,NA,NA,NA,NA,NA,NA,NA,NA,NA,NA,NA,NA,NA,NA,NA,NA,NA,NA,NA,NA,NA,NA,NA,NA,NA,NA,NA,NA,NA,NA,NA,NA,0.0404767282307148,NA,NA,NA,NA,NA,NA,NA,NA,NA,NA,NA,NA,NA,NA,NA,NA,NA,NA,NA,1185484.1367631,829999.996480221,TRUE
"37","PC04","burned","C10784","Plateau",2021-08-17,"195",4,10,30,40,1,10,3.375,25,25,40,2.625,2.625,2.5,2.875,2.5,2.833333333,8.8,"clusters",0,0,0,NA,NA,0,19,0,0,0,0,0,0,0,0,0,0,0,0,38,4.88,2268,480220,5813113,TRUE,13127843,"093B044",61519245,"N","12",NA,NA,9.033871,35,"3","N",NA,108,"6",89,"5",13.1999998092651,"2",13,"2","PLI",51,"SX",49,NA,NA,NA,NA,NA,NA,NA,NA,NA,NA,NA,NA,NA,NA,NA,NA,NA,NA,NA,NA,NA,NA,NA,NA,NA,NA,NA,NA,NA,NA,NA,NA,NA,NA,NA,NA,NA,NA,NA,NA,NA,NA,NA,NA,NA,NA,NA,NA,NA,NA,NA,NA,NA,0.0707804039120674,NA,NA,NA,NA,NA,NA,NA,NA,NA,NA,NA,NA,NA,NA,NA,NA,NA,NA,NA,1183648.33948696,832182.054894935,TRUE
"38","PC05","unburned","C10784","Plateau",2021-08-17,"334",16,10,70,15,3,1,0,20,60,85,0,0,0,0,0,0,0,"sparse",0,0,0,0,0,38,0,0,0,0,0,0,0,0,0,0,0,0,0,76,1.67,6746,483313,5809154,TRUE,13127817,"093B044",85897066,"N","11",NA,9590,3.14049,20,"2","Y","1991/07/31 00:00:00.000",24,"2",26,"2",8.19999980926514,"1",10.5,"2","PLI",80,"AT",20,NA,NA,NA,NA,NA,NA,NA,NA,NA,NA,NA,NA,NA,NA,NA,NA,NA,NA,NA,NA,NA,NA,NA,NA,NA,NA,NA,NA,NA,NA,NA,NA,NA,NA,NA,NA,NA,NA,NA,NA,NA,NA,NA,NA,NA,NA,NA,NA,NA,NA,NA,NA,NA,0.0298642236739397,NA,NA,NA,NA,NA,NA,NA,NA,NA,NA,NA,NA,NA,NA,NA,NA,NA,NA,NA,1186900.91911897,828347.10320578,TRUE
"39","PC06","burned","C10784","Plateau",2021-08-17,"150",13,10,45,25,1,10,2.375,25,30,40,2.625,2.375,2.166666667,2.458333333,2.166666667,2.305555556,8.1,"clusters",0,0,0,0,0,3,18,0,0,0,0,0,0,0,0,0,0,0,0,42,3.09,5261,485354,5805068,TRUE,11409320,"093B034",96555007,"N","12",NA,NA,8.36705,27,"3","N",NA,80,"4",115,"6",12.3000001907349,"2",15.6999998092651,"2","PLI",72,"SX",25,"AT",3,NA,NA,NA,NA,NA,NA,NA,NA,NA,NA,NA,NA,NA,NA,NA,NA,NA,NA,NA,NA,NA,NA,NA,NA,NA,NA,NA,NA,NA,NA,NA,NA,NA,NA,NA,NA,NA,NA,NA,NA,NA,NA,NA,NA,NA,NA,NA,NA,NA,NA,NA,0.0583891086280346,NA,NA,NA,NA,NA,NA,NA,NA,NA,NA,NA,NA,NA,NA,NA,NA,NA,NA,NA,1189109.75950129,824340.614387104,TRUE
"40","PC07","unburned","C10784","Plateau",2021-08-17,"340",10,10,30,35,1,7,0,50,30,55,0,0,0,0,0,0,0,"few",0,0,0,0,0,5,0,12,0,0,0,0,0,0,0,0,0,0,0,34,1.1,5427,485521,5802354,TRUE,11410029,"093B034",99193255,"Y","7","3",NA,NA,10,"1","N","1987/01/01 00:00:00.000",27,"2",NA,NA,5,"1",NA,NA,"PLI",50,"AT",40,"S",10,NA,NA,NA,NA,NA,NA,-379120000,"FG",1986-02-01,1986-02-01,1987-11-01,"L","CLEAR",NA,NA,1987-11-01,NA,NA,NA,NA,NA,1,"ME",3,1988-01-01,"BU",93,1987-12-01,2,"PL",15.7,1996-06-01,NA,0,NA,1,"MA",90,2001-09-18,1,0,NA,0,0,NA,0,0,NA,0,3.9,228.1,0.0575169809162617,NA,NA,NA,NA,NA,NA,NA,NA,NA,NA,NA,NA,NA,NA,NA,NA,NA,NA,NA,1189391.38262364,821629.269487962,TRUE
"41","PC08","burned","C10784","Plateau",2021-08-17,"230",14,10,40,35,0,5,1.75,25,60,50,2.25,1.75,1,1.916666667,1,1.5,8.8,"sparse",0,0,0,0,0,29,6,0,0,0,0,2,0,0,0,0,0,0,0,74,1.63,17873,488187,5796081,FALSE,11500288,"093B035",15179766,"Y","7","4",NA,NA,10,"1","N",NA,28,"2",NA,NA,5.19999980926514,"1",NA,NA,"PLI",100,NA,NA,NA,NA,NA,NA,NA,NA,NA,NA,-379090000,"FG",1983-01-01,1983-01-01,1983-01-01,"L","CLEAR",NA,NA,1983-01-01,NA,NA,NA,NA,NA,1,"MA",5.8,1990-09-01,"ME",2,1984-10-01,3,NA,0,NA,NA,0,NA,0,NA,0,NA,0,22,1990-09-01,1,0,NA,0,0,NA,0,10.9,263.6,0.0954020768404007,NA,NA,NA,NA,NA,NA,NA,NA,NA,NA,NA,NA,NA,NA,NA,NA,NA,NA,NA,1192316.45868389,815458.877029757,TRUE
"42","PC09","unburned","C10784","Plateau",2021-08-17,"225",6,10,35,30,3,2,0,45,40,0,0,0,0,0,0,0,0,"sparse",0,0,0,1,0,27,0,0,0,0,0,0,0,0,0,0,0,0,0,54,2.18,5592,488334,5793941,FALSE,11551163,"093B025",15538389,"Y","7","9",-373210000,NA,4,"0","N","1975/01/01 00:00:00.000",37,"2",NA,NA,7.19999980926514,"1",NA,NA,"PLI",100,NA,NA,NA,NA,NA,NA,NA,NA,NA,NA,-373210000,"FG",1975-06-01,1975-06-01,1979-01-01,"L","CLEAR",NA,NA,1979-01-01,NA,NA,NA,NA,NA,1,"BU",45,1980-01-01,NA,0,NA,1,NA,0,NA,NA,0,NA,0,NA,0,NA,0,45,1979-01-01,2,0,NA,0,0,NA,0,4.7,224.2,0.0320141799747944,NA,NA,NA,NA,NA,NA,0.0250657070428133,NA,NA,NA,NA,NA,NA,NA,NA,NA,NA,NA,NA,1192553.82955921,813321.718758575,TRUE
"43","PC10","unburned","C10784","Plateau",2021-08-17,"275",16,10,30,20,1,3,0,55,35,50,0,0,0,0,0,0,0,"sparse",0,0,0,0,0,20,6,0,0,0,0,0,0,0,0,0,0,0,0,52,1.7,3607,483185,5796200,TRUE,13611865,"093B034",85589440,"Y","7","1",NA,NA,35,"3","N","1980/01/01 00:00:00.000",33,"2",NA,NA,6.40000009536743,"1",NA,NA,"PLI",100,NA,NA,NA,NA,NA,NA,NA,NA,NA,NA,-379050000,"APP",1980-01-01,1980-01-01,1980-03-01,"L",NA,NA,NA,1980-03-01,NA,NA,NA,NA,NA,1,"GS",4,1980-03-01,"BU",96,1980-11-01,2,NA,0,NA,NA,0,NA,0,NA,0,NA,0,71.3,1997-08-29,1,0,NA,0,0,NA,0,8.2,204.3,0.0647643432021141,NA,NA,NA,NA,NA,NA,NA,NA,NA,NA,NA,NA,NA,NA,NA,NA,NA,NA,NA,1187322.2761097,815366.778620181,TRUE
"44","PC11","burned","C10784","Plateau",2021-08-17,"260",11,10,30,20,1,3,1.5,55,35,50,2.625,3,1.333333333,2.375,1.333333333,1.944444444,5.9,"sparse",0,0,0,0,0,11,18,0,0,0,0,0,0,0,0,0,0,0,0,58,2.86,NA,483202,5796275,TRUE,13611865,"093B034",85589440,"Y","7","1",NA,NA,35,"3","N","1980/01/01 00:00:00.000",33,"2",NA,NA,6.40000009536743,"1",NA,NA,"PLI",100,NA,NA,NA,NA,NA,NA,NA,NA,NA,NA,-379050000,"APP",1980-01-01,1980-01-01,1980-03-01,"L",NA,NA,NA,1980-03-01,NA,NA,NA,NA,NA,1,"GS",4,1980-03-01,"BU",96,1980-11-01,2,NA,0,NA,NA,0,NA,0,NA,0,NA,0,71.3,1997-08-29,1,0,NA,0,0,NA,0,8.2,204.3,0.0818882584571838,NA,NA,NA,NA,NA,NA,NA,NA,NA,NA,NA,NA,NA,NA,NA,NA,NA,NA,NA,1187336.0539935,815442.615070857,TRUE
"45","PC12","unburned","C10784","Plateau",2021-08-18,"71",20,10,70,15,3,1,0,40,25,40,0,0,0,0,0,0,0,"sparse",1,0,0,0,0,23,0,0,0,0,0,0,0,0,0,0,0,0,0,46,1.8,1285,452600,5816235,TRUE,11561298,"093B042",99970478,"Y","7","10",NA,NA,3,"0","N","1991/01/01 00:00:00.000",23,"2",NA,NA,4.09999990463257,"1",NA,NA,"PLI",100,NA,NA,NA,NA,NA,NA,NA,NA,NA,NA,6961,"FG",1988-12-22,1992-02-01,1992-03-01,"L","CLEAR",NA,"REMOV",1992-03-01,NA,NA,NA,NA,NA,1,NA,0,NA,NA,0,NA,0,"PL",0.6,1999-06-01,NA,0,NA,1,NA,0,NA,0,0,NA,0,0,NA,0,0,NA,0,13.4,54.2,0.00967867951840162,NA,NA,NA,NA,NA,NA,NA,NA,NA,NA,NA,NA,NA,NA,NA,NA,NA,NA,NA,1155970.22522277,834144.256172724,TRUE
"46","PC13","burned","C10784","Plateau",2021-08-18,"122",21,10,70,15,3,1,2.75,40,25,40,2.75,2.75,2.083333333,2.75,2.083333333,2.527777778,8.2,"clusters",0,0,0,0,0,0,25,0,0,0,0,0,0,0,0,0,0,0,0,50,8.12,2328,452577,5816480,TRUE,13712692,"093B042",850842,"N","12",NA,NA,3.27378,16,"2","N",NA,109,"6",86,"5",9,"1",8.39999961853027,"1","PLI",66,"FDI",19,"SX",11,"AT",4,NA,NA,NA,NA,NA,NA,NA,NA,NA,NA,NA,NA,NA,NA,NA,NA,NA,NA,NA,NA,NA,NA,NA,NA,NA,NA,NA,NA,NA,NA,NA,NA,NA,NA,NA,NA,NA,NA,NA,NA,NA,NA,NA,NA,NA,NA,NA,NA,NA,0.0588834248483181,NA,NA,NA,NA,NA,NA,NA,NA,NA,NA,NA,NA,NA,NA,NA,NA,NA,NA,NA,1155936.93956089,834388.695389481,TRUE
"47","PC14","unburned","C10784","Plateau",2021-08-18,"355",5,10,30,35,1,5,0,40,60,30,0,0,0,0,0,0,0,"sparse",0,0,0,0,0,27,0,2,0,0,0,0,0,0,0,0,0,0,0,58,5.78,8116,456597,5817458,TRUE,13712684,"093B052",22961516,"N","4",NA,6963,3,55,"5","Y","1989/01/01 00:00:00.000",23,"2",NA,NA,6,"1",NA,NA,"PLI",100,NA,NA,NA,NA,NA,NA,NA,NA,NA,NA,6963,"FG",1989-01-03,1989-01-01,1990-11-01,"L","CLEAR",NA,"REMOV",1989-03-01,"L","CLEAR",NA,"REMOV",1990-03-01,3,NA,0,NA,NA,0,NA,0,"PL",19,1996-07-01,"PL",5.7,1997-05-01,3,"MA",74.7,1998-06-01,1,208,1996-08-01,2,0,NA,0,0,NA,0,0.7,74.5,-0.000738214468583465,NA,NA,NA,NA,NA,NA,NA,NA,NA,NA,NA,NA,NA,NA,NA,NA,NA,NA,NA,1159904.77742576,835537.744686387,TRUE
"48","PC15","unburned","C10784","Plateau",2021-08-18,"321",1,10,40,20,2,5,0,25,50,30,0,0,0,0,0,0,0,"sparse",1,1,0,0,0,31,0,0,0,0,0,0,0,0,0,0,0,0,0,62,1.78,3846,459675,5818253,TRUE,13712022,"093B053",40861949,"N","4",NA,6963,2,50,"5","Y",NA,18,"1",18,"1",5.59999990463257,"1",2,"1","PLI",80,"SX",15,"AT",5,NA,NA,NA,NA,NA,NA,6963,"FG",1989-01-03,1989-01-01,1990-11-01,"L","CLEAR",NA,"REMOV",1989-03-01,"L","CLEAR",NA,"REMOV",1990-03-01,3,NA,0,NA,NA,0,NA,0,"PL",19,1996-07-01,"PL",5.7,1997-05-01,3,"MA",74.7,1998-06-01,1,208,1996-08-01,2,0,NA,0,0,NA,0,0.7,74.5,0.0359120443463326,NA,NA,NA,NA,NA,NA,NA,NA,NA,NA,NA,NA,NA,NA,NA,NA,NA,NA,NA,1162940.86845343,836463.833529669,TRUE
"49","PC16","unburned","C10784","Plateau",2021-08-18,"190",2,10,45,35,2,3,0,25,40,30,0,0,0,0,0,0,0,"few",0,0,0,0,0,27,2,0,0,0,0,0,0,0,0,0,0,0,0,58,2.09,15922,461321,5818512,TRUE,13336474,"093B053",50232025,"N","4",NA,6963,2,50,"5","Y",NA,18,"1",18,"1",5.59999990463257,"1",2,"1","PLI",80,"SX",15,"AT",5,NA,NA,NA,NA,NA,NA,6963,"FG",1989-01-03,1989-01-01,1990-11-01,"L","CLEAR",NA,"REMOV",1989-03-01,"L","CLEAR",NA,"REMOV",1990-03-01,3,NA,0,NA,NA,0,NA,0,"PL",19,1996-07-01,"PL",5.7,1997-05-01,3,"MA",74.7,1998-06-01,1,208,1996-08-01,2,0,NA,0,0,NA,0,0.7,74.5,0.0197689644992352,NA,NA,NA,NA,NA,NA,NA,NA,NA,NA,NA,NA,NA,NA,NA,NA,NA,NA,NA,1164571.47444379,836792.67041596,TRUE
"50","PC17","burned","C10784","Plateau",2021-08-18,"N/A",0,10,NA,NA,NA,NA,2.75,NA,NA,NA,2.75,2.25,1.583333333,2.583333333,1.583333333,2.194444444,8,"clusters",0,0,0,0,0,4,8,0,0,0,0,0,0,0,0,0,0,0,0,24,3.98,2323,462514,5819076,TRUE,13335627,"093B053",58202405,"N","4",NA,NA,5.04705,15,"1","N",NA,143,"8",143,"8",20.1000003814697,"3",22.2000007629395,"3","PLI",70,"AT",15,"SX",15,NA,NA,NA,NA,NA,NA,NA,NA,NA,NA,NA,NA,NA,NA,NA,NA,NA,NA,NA,NA,NA,NA,NA,NA,NA,NA,NA,NA,NA,NA,NA,NA,NA,NA,NA,NA,NA,NA,NA,NA,NA,NA,NA,NA,NA,NA,NA,NA,NA,NA,NA,0.117716759443283,NA,NA,NA,NA,NA,NA,NA,NA,NA,NA,NA,NA,NA,NA,NA,NA,NA,NA,NA,1165737.40338788,837407.928588441,TRUE
"51","PC18","burned","C10784","Plateau",2021-08-18,"291",3,10,NA,NA,NA,NA,2.7,NA,NA,NA,2.875,2.875,2.25,2.816666667,2.25,2.608333333,12.7,"few",0,0,0,0,0,0,44,0,0,0,0,0,0,0,0,0,0,0,0,88,7.33,11228,455103,5817235,TRUE,13711768,"093B052",14921189,"N",NA,NA,NA,26.07641,65,"6","N",NA,103,"6",103,"6",18.5,"2",15.1999998092651,"2","SX",60,"PLI",35,"AT",5,NA,NA,NA,NA,NA,NA,NA,NA,NA,NA,NA,NA,NA,NA,NA,NA,NA,NA,NA,NA,NA,NA,NA,NA,NA,NA,NA,NA,NA,NA,NA,NA,NA,NA,NA,NA,NA,NA,NA,NA,NA,NA,NA,NA,NA,NA,NA,NA,NA,NA,NA,0.155023813247681,NA,NA,NA,NA,NA,NA,NA,NA,NA,NA,NA,NA,NA,NA,NA,NA,NA,NA,NA,1158424.23155886,835251.403064953,TRUE
"52","PC19","unburned","C10784","Plateau",2021-08-18,"209",12,10,50,25,2,3,0,35,25,55,0,0,0,0,0,0,0,"few",NA,NA,NA,0,0,21,11,0,0,0,0,0,0,0,0,0,0,0,0,64,6.04,338,448397,5816784,TRUE,13711520,"093B042",76590751,"N","12",NA,NA,27.602631,58,"6","N",NA,90,"5",121,"7",12.1000003814697,"2",15.5,"2","PLI",98,"SX",2,NA,NA,NA,NA,NA,NA,NA,NA,NA,NA,NA,NA,NA,NA,NA,NA,NA,NA,NA,NA,NA,NA,NA,NA,NA,NA,NA,NA,NA,NA,NA,NA,NA,NA,NA,NA,NA,NA,NA,NA,NA,NA,NA,NA,NA,NA,NA,NA,NA,NA,NA,NA,NA,0.0392920635640621,NA,NA,NA,NA,NA,NA,NA,NA,NA,NA,NA,NA,NA,NA,NA,NA,NA,NA,NA,1151755.38937524,834517.101882528,TRUE
"53","PC20","burned","C10784","Plateau",2021-08-18,"210",15,10,50,25,2,3,3,35,25,55,2.375,2.75,2.1,2.708333333,2.1,2.616666667,6.2,"sparse",0,0,0,0,0,0,34,0,0,0,0,0,0,0,0,0,0,0,0,68,5.06,2606,448354,5816674,TRUE,11387911,"093B042",75610663,"N","12",NA,NA,32.130787,73,"7","N",NA,71,"4",228,"8",9,"1",19.2000007629395,"2","PLI",95,"SX",5,NA,NA,NA,NA,NA,NA,NA,NA,NA,NA,NA,NA,NA,NA,NA,NA,NA,NA,NA,NA,NA,NA,NA,NA,NA,NA,NA,NA,NA,NA,NA,NA,NA,NA,NA,NA,NA,NA,NA,NA,NA,NA,NA,NA,NA,NA,NA,NA,NA,NA,NA,NA,NA,0.222208052873611,NA,NA,NA,NA,NA,NA,NA,NA,NA,NA,NA,NA,NA,NA,NA,NA,NA,NA,NA,1151717.14919213,834405.107578939,TRUE
"54","PC21","burned","C10784","Plateau",2021-08-18,"40",10,10,40,25,1,10,2.25,40,30,35,2.75,2.625,1.25,2.541666667,1.25,2.041666667,0,"few",0,0,0,0,0,4,16,0,0,0,0,0,0,0,0,0,0,0,0,40,3.73,1377,453123,5812304,TRUE,11483251,"093B042",5178272,"N","12",NA,NA,15.50198,43,"4","N",NA,115,"6",113,"6",20.2999992370605,"3",13.1999998092651,"2","SX",59,"PLI",29,"AT",7,"FDI",5,NA,NA,NA,NA,NA,NA,NA,NA,NA,NA,NA,NA,NA,NA,NA,NA,NA,NA,NA,NA,NA,NA,NA,NA,NA,NA,NA,NA,NA,NA,NA,NA,NA,NA,NA,NA,NA,NA,NA,NA,NA,NA,NA,NA,NA,NA,NA,NA,NA,0.097974568605423,NA,NA,NA,NA,NA,NA,NA,NA,NA,NA,NA,NA,NA,NA,NA,NA,NA,NA,NA,1156657.84356182,830228.780971395,TRUE
"55","PC22","unburned","C10784","Plateau",2021-08-19,"190",5,10,60,15,2,2,0,30,10,55,0,0,0,0,0,0,0,"few",0,0,0,0,0,35,0,0,0,0,0,0,0,0,0,0,0,0,0,70,4.46,5963,455920,5823646,TRUE,13712558,"093B052",17405076,"N","4",NA,NA,20.322859,50,"5","N",NA,133,"7",NA,NA,17.1000003814697,"2",NA,NA,"PLI",100,NA,NA,NA,NA,NA,NA,NA,NA,NA,NA,NA,NA,NA,NA,NA,NA,NA,NA,NA,NA,NA,NA,NA,NA,NA,NA,NA,NA,NA,NA,NA,NA,NA,NA,NA,NA,NA,NA,NA,NA,NA,NA,NA,NA,NA,NA,NA,NA,NA,NA,NA,NA,NA,NA,NA,0.0335256047546864,NA,NA,NA,NA,NA,NA,NA,NA,NA,NA,NA,NA,NA,NA,NA,NA,NA,NA,NA,1158968.1170359,841707.672066663,TRUE
"56","PC23","burned","C10784","Plateau",2021-08-19,"320",2,10,60,15,2,2,2.875,30,10,55,2.625,2.625,2.333333333,2.708333333,2.333333333,2.611111111,8.4,"sparse",0,0,0,0,0,0,12,0,0,0,0,0,0,0,0,0,0,0,0,24,6.54,1201,456078,5823598,TRUE,13712558,"093B052",17405076,"N","4",NA,NA,20.322859,50,"5","N",NA,133,"7",NA,NA,17.1000003814697,"2",NA,NA,"PLI",100,NA,NA,NA,NA,NA,NA,NA,NA,NA,NA,NA,NA,NA,NA,NA,NA,NA,NA,NA,NA,NA,NA,NA,NA,NA,NA,NA,NA,NA,NA,NA,NA,NA,NA,NA,NA,NA,NA,NA,NA,NA,NA,NA,NA,NA,NA,NA,NA,NA,NA,NA,NA,NA,NA,NA,0.131839036941528,NA,NA,NA,NA,NA,NA,NA,NA,NA,NA,NA,NA,NA,NA,NA,NA,NA,NA,NA,1159127.71427575,841666.250472841,TRUE
"57","PC24","unburned","C10784","Plateau",2021-08-19,"280",4,10,30,30,2,1,0,65,25,35,0,0,0,0,0,0,0,"sparse",0,1,0,0,0,20,0,0,0,0,0,0,0,0,0,0,0,0,0,40,1.06,2071,454703,5822079,TRUE,13712296,"093B052",13654152,"N","11",NA,-373920000,4.34031,50,"5","N","1989/01/01 00:00:00.000",26,"2",25,"2",8.5,"1",9.5,"1","PLI",90,"AT",10,NA,NA,NA,NA,NA,NA,NA,NA,-373920000,"FG",1994-03-07,1989-12-01,1989-12-01,"L","CLEAR",NA,NA,1989-12-01,NA,NA,NA,NA,NA,1,"ME",106,1991-08-01,"BU",122,1990-12-01,3,"FP",22.5,1997-05-07,NA,0,NA,1,"MA",2.7,2004-10-05,1,116,1992-08-01,1,0,NA,0,0,NA,0,2.4,61.5,0.0332849584519863,NA,NA,NA,NA,NA,NA,NA,NA,NA,NA,NA,NA,NA,NA,NA,NA,NA,NA,NA,1157820.65177694,840086.708297011,TRUE
"58","PC25","burned","C10784","Plateau",2021-08-19,"310",3,10,30,30,2,1,2.625,65,25,35,2.75,2.625,2,2.666666667,2,2.416666667,9.3,"sparse",0,1,0,0,0,0,17,0,0,0,0,0,0,0,0,0,0,0,0,34,1.2,3870,454695,5822032,TRUE,13712296,"093B052",13654152,"N","11",NA,-373920000,4.34031,50,"5","N","1989/01/01 00:00:00.000",26,"2",25,"2",8.5,"1",9.5,"1","PLI",90,"AT",10,NA,NA,NA,NA,NA,NA,NA,NA,-373920000,"FG",1994-03-07,1989-12-01,1989-12-01,"L","CLEAR",NA,NA,1989-12-01,NA,NA,NA,NA,NA,1,"ME",106,1991-08-01,"BU",122,1990-12-01,3,"FP",22.5,1997-05-07,NA,0,NA,1,"MA",2.7,2004-10-05,1,116,1992-08-01,1,0,NA,0,0,NA,0,2.4,61.5,0.23450656235218,NA,NA,NA,NA,NA,NA,NA,NA,NA,NA,NA,NA,NA,NA,NA,NA,NA,NA,NA,1157814.65944766,840039.291355449,TRUE
"59","PC26","unburned","C10784","Plateau",2021-08-19,"255",20,10,35,13,3,1,0,60,35,45,0,0,0,0,0,0,0,"sparse",1,0,0,1,0,26,0,0,0,0,0,0,0,0,0,0,0,0,0,52,2.07,3930,425316,5816397,FALSE,11512965,"093C050",40330186,"Y",NA,"0",NA,NA,NA,NA,"N",NA,NA,NA,NA,NA,NA,NA,NA,NA,NA,NA,NA,NA,NA,NA,NA,NA,NA,NA,NA,NA,8441,"FG",1989-05-29,1989-05-01,1990-03-01,"L","CLEAR",NA,"REMOV",1990-03-01,NA,NA,NA,NA,NA,1,"ME",1388.6,1991-08-01,"ME",317.9,1995-11-01,3,"PL",327.9,1997-05-01,NA,0,NA,1,"MA",269.5,2001-08-01,2,0,NA,0,0,NA,0,0,NA,0,1.9,219.1,0.0578422918915749,NA,NA,NA,NA,NA,NA,NA,NA,NA,NA,NA,NA,NA,NA,NA,NA,NA,NA,NA,1128753.39694521,833158.114543347,TRUE
"60","PC27","burned","C10784","Plateau",2021-08-19,"262",25,10,35,13,3,1,2.5,60,35,45,2.75,2.375,1.333333333,2.541666667,1.333333333,2.069444444,3.7,"sparse",0,0,0,0,0,0,16,0,0,0,0,0,0,0,0,0,0,0,0,32,2.47,4853,425331,5816305,FALSE,11512965,"093C050",40330186,"Y",NA,"0",NA,NA,NA,NA,"N",NA,NA,NA,NA,NA,NA,NA,NA,NA,NA,NA,NA,NA,NA,NA,NA,NA,NA,NA,NA,NA,8441,"FG",1989-05-29,1989-05-01,1990-03-01,"L","CLEAR",NA,"REMOV",1990-03-01,NA,NA,NA,NA,NA,1,"ME",1388.6,1991-08-01,"ME",317.9,1995-11-01,3,"PL",327.9,1997-05-01,NA,0,NA,1,"MA",269.5,2001-08-01,2,0,NA,0,0,NA,0,0,NA,0,1.9,219.1,0.131457030773163,NA,NA,NA,NA,NA,NA,NA,NA,NA,NA,NA,NA,NA,NA,NA,NA,NA,NA,NA,1128772.22886671,833066.595349971,TRUE
"61","PC28","unburned","C10784","Plateau",2021-08-19,"250",19,10,40,25,1,1,0,55,40,25,0,0,0,0,0,0,0,"sparse",0,0,0,0,0,22,0,0,0,0,2,0,0,0,0,0,0,0,0,48,2.2,2575,425485,5815652,FALSE,13593433,"093C050",40709781,"N","12",NA,NA,11.844431,33,"3","N",NA,81,"5",76,"4",16.7999992370605,"2",12.3000001907349,"2","SX",42,"PLI",35,"AT",23,NA,NA,NA,NA,NA,NA,NA,NA,NA,NA,NA,NA,NA,NA,NA,NA,NA,NA,NA,NA,NA,NA,NA,NA,NA,NA,NA,NA,NA,NA,NA,NA,NA,NA,NA,NA,NA,NA,NA,NA,NA,NA,NA,NA,NA,NA,NA,NA,NA,NA,NA,0.0373664684593678,NA,NA,NA,NA,NA,NA,NA,NA,NA,NA,NA,NA,NA,NA,NA,NA,NA,NA,NA,1128953.29750975,832419.007649609,TRUE
"62","PC29","unburned","C10784","Plateau",2021-08-19,"242",17,10,45,15,1,2,0,25,50,40,0,0,0,0,0,0,0,"sparse",0,1,0,0,0,18,5,0,0,0,0,0,0,0,0,0,0,0,0,46,2.41,2231,426950,5813532,TRUE,13456617,"093C050",51668709,"Y",NA,"0",NA,1,1,"0","N",NA,97,"5",87,"5",17.7000007629395,"2",16,"2","PLI",90,"AT",10,NA,NA,NA,NA,NA,NA,NA,NA,8441,"FG",1989-05-29,1989-05-01,1990-03-01,"L","CLEAR",NA,"REMOV",1990-03-01,NA,NA,NA,NA,NA,1,"ME",1388.6,1991-08-01,"ME",317.9,1995-11-01,3,"PL",327.9,1997-05-01,NA,0,NA,1,"MA",269.5,2001-08-01,2,0,NA,0,0,NA,0,0,NA,0,1.9,219.1,0.0911662206053734,NA,NA,NA,NA,NA,NA,NA,NA,NA,NA,NA,NA,NA,NA,NA,NA,NA,NA,NA,1130503.55933728,830357.166564751,TRUE
"63","PC30","unburned","C10784","Plateau",2021-08-19,"N/A",0,10,60,15,0,8,0,30,15,45,0,0,0,0,0,0,0,"few",0,1,0,0,0,17,2,0,0,0,0,0,0,0,0,0,0,0,0,38,4.34,3324,428820,5813947,TRUE,13466790,"093C050",61258654,"N",NA,NA,NA,NA,NA,NA,"N",NA,NA,NA,NA,NA,NA,NA,NA,NA,NA,NA,NA,NA,NA,NA,NA,NA,NA,NA,NA,NA,NA,NA,NA,NA,NA,NA,NA,NA,NA,NA,NA,NA,NA,NA,NA,NA,NA,NA,NA,NA,NA,NA,NA,NA,NA,NA,NA,NA,NA,NA,NA,NA,NA,NA,NA,NA,NA,NA,NA,NA,NA,NA,NA,NA,NA,-0.200776189565659,NA,NA,NA,NA,NA,NA,NA,NA,NA,NA,NA,NA,NA,NA,NA,NA,NA,NA,NA,1132351.0107323,830851.472794495,TRUE
"64","PC31","unburned","C10784","Plateau",2021-08-19,"231",4,10,50,25,4,5,0,60,25,40,0,0,0,0,0,0,0,"sparse",1,1,NA,NA,NA,10,0,0,0,0,0,0,0,0,0,0,0,0,0,20,1.36,1972,428488,5815656,TRUE,11458259,"093C050",57409717,"Y",NA,"0",NA,NA,NA,NA,"N",NA,NA,NA,NA,NA,NA,NA,NA,NA,NA,NA,NA,NA,NA,NA,NA,NA,NA,NA,NA,NA,8441,"FG",1989-05-29,1989-05-01,1990-03-01,"L","CLEAR",NA,"REMOV",1990-03-01,NA,NA,NA,NA,NA,1,"ME",1388.6,1991-08-01,"ME",317.9,1995-11-01,3,"PL",327.9,1997-05-01,NA,0,NA,1,"MA",269.5,2001-08-01,2,0,NA,0,0,NA,0,0,NA,0,1.9,219.1,0.00560808880254626,NA,NA,NA,NA,NA,NA,NA,NA,NA,NA,NA,NA,NA,NA,NA,NA,NA,NA,NA,1131947.94555909,832549.291308136,TRUE
"65","PC32","burned","C10784","Plateau",2021-08-19,"91",11,10,50,25,4,5,2.125,60,25,40,2.875,2.375,1.583333333,2.458333333,1.583333333,2.027777778,11.3,"clusters",0,0,0,0,0,0,29,0,0,0,0,0,0,0,0,0,0,0,0,58,5.49,5039,427684,5813316,TRUE,13456611,"093C050",55828602,"Y",NA,"0",NA,4.65782,9,"1","N",NA,87,"5",87,"5",13.8999996185303,"2",13.8999996185303,"2","PLI",90,"AT",10,NA,NA,NA,NA,NA,NA,NA,NA,8441,"FG",1989-05-29,1989-05-01,1990-03-01,"L","CLEAR",NA,"REMOV",1990-03-01,NA,NA,NA,NA,NA,1,"ME",1388.6,1991-08-01,"ME",317.9,1995-11-01,3,"PL",327.9,1997-05-01,NA,0,NA,1,"MA",269.5,2001-08-01,2,0,NA,0,0,NA,0,0,NA,0,1.9,219.1,0.0378360003232956,NA,NA,NA,NA,NA,NA,NA,NA,NA,NA,NA,NA,NA,NA,NA,NA,NA,NA,NA,1131244.66185492,830171.68010746,TRUE
"66","SL01","burned","R11498","Shovel",2021-08-12,"212",44,10,40,40,10,10,0.55,30,10,65,2.5,2.375,0.666666667,1.808333333,0.666666667,1.197222222,2.7,"sparse",0,0,0,0,0,27,4,0,1,0,9,0,0,0,0,0,0,0,0,82,3.12,NA,370379,6019883,TRUE,13995174,"093K036",69378607,"Y","4","1",-579730000,25.620359,60,"6","Y","1984/12/01 00:00:00.000",28,"2",27,"2",12.8999996185303,"2",13.6000003814697,"2","PLI",70,"AT",20,"BL",10,NA,NA,NA,NA,NA,NA,-579730000,"FG",1984-12-01,1984-12-01,1987-01-01,"L","CLEAR",NA,"REMOV",1987-01-01,NA,NA,NA,NA,NA,1,"MA",7,1987-08-01,"ME",7,1987-08-01,2,"PL",49,1989-06-01,NA,0,NA,1,"MA",10,1994-08-31,1,0,NA,0,0,NA,0,0,NA,0,34.7,222,NA,NA,NA,NA,NA,NA,NA,NA,NA,NA,NA,NA,-0.0226789657026529,NA,NA,NA,NA,NA,NA,NA,1065398.07565345,1034714.86907058,TRUE
"67","SL02","unburned","R11498","Shovel",2021-08-12,"50",2,10,80,12,1,6,0,17,12,80,0,0,0,0,0,0,0,"sparse",1,0,0,0,0,52,5,0,0,0,0,0,0,4,0,0,0,0,0,122,3.62,NA,370461,6019515,TRUE,13995174,"093K036",69378607,"Y","4","1",-579730000,25.620359,60,"6","Y","1984/12/01 00:00:00.000",28,"2",27,"2",12.8999996185303,"2",13.6000003814697,"2","PLI",70,"AT",20,"BL",10,NA,NA,NA,NA,NA,NA,-579730000,"FG",1984-12-01,1984-12-01,1987-01-01,"L","CLEAR",NA,"REMOV",1987-01-01,NA,NA,NA,NA,NA,1,"MA",7,1987-08-01,"ME",7,1987-08-01,2,"PL",49,1989-06-01,NA,0,NA,1,"MA",10,1994-08-31,1,0,NA,0,0,NA,0,0,NA,0,34.7,222,NA,NA,NA,NA,NA,NA,NA,NA,NA,NA,NA,NA,-0.0945591479539871,NA,NA,NA,NA,NA,NA,NA,1065495.40965169,1034349.60480927,TRUE
"68","SL03","unburned","R11498","Shovel",2021-08-12,"222",32,10,20,40,5,5,0,70,5,50,0,0,0,0,0,0,0,"sparse",0,1,0,0,0,19,0,2,0,3,0,0,0,0,0,0,0,0,0,48,3.76,NA,371214,6018608,TRUE,13512742,"093K026",76107823,"Y","4","24",-621520000,27.844759,65,"6","Y","1977/04/01 00:00:00.000",38,"2",38,"2",14.3999996185303,"2",14.1999998092651,"2","PLI",75,"AT",15,"SX",10,NA,NA,NA,NA,NA,NA,-621520000,"FG",1977-04-01,1977-04-01,1978-12-01,"L","CLEAR",NA,NA,1978-12-01,NA,NA,NA,NA,NA,1,"ME",87,1985-10-01,"ME",82,1978-10-01,2,"PL",90,1986-06-01,"PL",3,1989-06-01,2,NA,0,NA,0,0,NA,0,0,NA,0,0,NA,0,11.5,205.4,NA,NA,NA,NA,NA,NA,NA,NA,NA,NA,NA,NA,-0.108121395111084,NA,NA,NA,NA,NA,NA,NA,1066284.3030799,1033472.76494354,TRUE
"69","SL04","burned","R11498","Shovel",2021-08-12,"204",35,10,25,25,1,10,1.375,70,2,40,2.125,2.375,1.833333333,1.958333333,1.833333333,1.861111111,4.4,"few",0,1,0,0,0,2,20,2,2,0,15,0,0,0,0,0,0,0,0,82,2.04,NA,371230,6018574,TRUE,13512742,"093K026",76107823,"Y","4","24",-621520000,27.844759,65,"6","Y","1977/04/01 00:00:00.000",38,"2",38,"2",14.3999996185303,"2",14.1999998092651,"2","PLI",75,"AT",15,"SX",10,NA,NA,NA,NA,NA,NA,-621520000,"FG",1977-04-01,1977-04-01,1978-12-01,"L","CLEAR",NA,NA,1978-12-01,NA,NA,NA,NA,NA,1,"ME",87,1985-10-01,"ME",82,1978-10-01,2,"PL",90,1986-06-01,"PL",3,1989-06-01,2,NA,0,NA,0,0,NA,0,0,NA,0,0,NA,0,11.5,205.4,NA,NA,NA,NA,NA,NA,NA,NA,NA,NA,NA,NA,0.0635428354144096,NA,NA,NA,NA,NA,NA,NA,1066301.69070999,1033439.37567599,TRUE
"70","SL05","unburned","R11498","Shovel",2021-08-12,"200",9,10,40,45,1,10,0,60,60,65,0,0,0,0,0,0,0,"sparse",0,1,0,0,0,46,0,0,0,0,0,0,0,0,0,0,0,0,0,92,6.34,NA,372121,6017533,TRUE,13512753,"093K026",80297278,"Y","11","25",-621510000,17.778709,60,"6","Y","1976/05/31 00:00:00.000",34,"2",34,"2",12.3999996185303,"2",8.19999980926514,"1","PLI",60,"BL",20,"SX",20,NA,NA,NA,NA,NA,NA,-621510000,"FG",1976-06-01,1976-06-01,1976-06-01,"L","CLEAR",NA,NA,1976-06-01,NA,NA,NA,NA,NA,1,"ME",13,1977-09-01,"ME",52,1985-10-01,2,"PL",63,1986-06-01,"PL",15,1989-06-01,2,NA,0,NA,0,25.7,1998-02-02,2,0,NA,0,0,NA,0,11.4,217.7,NA,NA,NA,NA,NA,NA,NA,NA,NA,NA,NA,NA,-0.0841077789664268,NA,NA,NA,NA,NA,NA,NA,1067233.79495663,1032434.12221129,TRUE
"71","SL06","unburned","R11498","Shovel",2021-08-13,"128",8,10,15,60,1,1,0,65,4,60,0,0,0,0,0,0,0,"sparse",0,0,0,0,0,33,2,0,0,0,0,0,0,0,0,0,0,0,0,70,3.68,NA,373700,6000338,TRUE,13165998,"093K016",90677309,"N","4",NA,-623620000,26.905579,55,"5","Y","1977/01/01 00:00:00.000",39,"2",39,"2",8.89999961853027,"1",9.60000038146973,"1","PLI",85,"SX",10,"AT",5,NA,NA,NA,NA,NA,NA,NA,NA,NA,NA,NA,NA,NA,NA,NA,NA,NA,NA,NA,NA,NA,NA,NA,NA,NA,NA,NA,NA,NA,NA,NA,NA,NA,NA,NA,NA,NA,NA,NA,NA,NA,NA,NA,NA,NA,NA,NA,NA,NA,NA,NA,0.00675091752782464,NA,NA,NA,NA,NA,NA,NA,NA,NA,NA,NA,-0.213051170110703,NA,NA,NA,NA,NA,NA,NA,1069536.53030116,1015271.07632667,TRUE
"72","SL07","burned","R11498","Shovel",2021-08-13,"195",13,10,20,10,1,5,1,70,5,68,2.5,2.75,1.833333333,2.083333333,1.833333333,1.861111111,6,"few",0,0,0,0,0,0,43,0,0,0,0,0,0,0,0,0,0,0,0,86,4.9,NA,373635,6000735,TRUE,13166203,"093K016",96527372,"N","4",NA,-623620000,32.55035,65,"6","Y","1977/01/01 00:00:00.000",39,"2",39,"2",14.3000001907349,"2",14.1000003814697,"2","PLI",90,"SX",10,NA,NA,NA,NA,NA,NA,NA,NA,NA,NA,NA,NA,NA,NA,NA,NA,NA,NA,NA,NA,NA,NA,NA,NA,NA,NA,NA,NA,NA,NA,NA,NA,NA,NA,NA,NA,NA,NA,NA,NA,NA,NA,NA,NA,NA,NA,NA,NA,NA,NA,NA,NA,NA,0.00940409209579229,NA,NA,NA,NA,NA,NA,NA,NA,NA,NA,NA,-0.0646847262978554,NA,NA,NA,NA,NA,NA,NA,1069454.92793658,1015666.12682135,TRUE
"73","SL08","burned","R11498","Shovel",2021-08-13,"140",20,10,NA,NA,NA,NA,2.875,NA,NA,NA,2.5,2.875,2.3,2.75,2.3,2.683333333,7.1,"sparse",0,0,0,0,0,0,0,0,0,0,0,0,0,0,0,0,0,0,0,NA,5.64,NA,375497,6002010,TRUE,13166559,"093K016",2068544,"N","4",NA,-619790000,7.26778,65,"6","Y","1980/01/01 00:00:00.000",36,"2",36,"2",9.10000038146973,"1",9,"1","PLI",95,"SX",5,NA,NA,NA,NA,NA,NA,NA,NA,-619790000,"FG",1980-01-01,1980-01-01,1981-01-01,"L","CLEAR",NA,NA,1981-01-01,NA,NA,NA,NA,NA,1,"ME",62,1981-09-01,"ME",5,1982-09-01,4,"PL",4,1982-05-01,"PL",22,1987-05-01,2,NA,0,NA,0,46.7,1996-09-26,1,0,NA,0,0,NA,0,10.6,125.9,0.0164751168340445,NA,NA,NA,NA,NA,NA,NA,NA,NA,NA,NA,0.654899299144745,NA,NA,NA,NA,NA,NA,NA,1071256.51965108,1017022.77031919,TRUE
"74","SL09","unburned","R11498","Shovel",2021-08-13,"207",8,10,30,60,1,9,0,20,50,72,0,0,0,0,0,0,0,"few",0,0,0,1,1,32,0,0,0,0,0,0,0,0,0,0,0,0,0,64,7.57,NA,375992,6002630,TRUE,13166559,"093K016",2068544,"N","4",NA,-619790000,7.26778,65,"6","Y","1980/01/01 00:00:00.000",36,"2",36,"2",9.10000038146973,"1",9,"1","PLI",95,"SX",5,NA,NA,NA,NA,NA,NA,NA,NA,-619790000,"FG",1980-01-01,1980-01-01,1981-01-01,"L","CLEAR",NA,NA,1981-01-01,NA,NA,NA,NA,NA,1,"ME",62,1981-09-01,"ME",5,1982-09-01,4,"PL",4,1982-05-01,"PL",22,1987-05-01,2,NA,0,NA,0,46.7,1996-09-26,1,0,NA,0,0,NA,0,10.6,125.9,-0.00133182294666767,NA,NA,NA,NA,NA,NA,NA,NA,NA,NA,NA,-0.140168875455856,NA,NA,NA,NA,NA,NA,NA,1071723.54746954,1017665.05215449,TRUE
"75","SL10","burned","R11498","Shovel",2021-08-13,"176",18,10,30,60,1,9,2.625,20,50,72,2.875,2.75,2.083333333,2.75,2.083333333,2.486111111,10,"sparse",0,0,0,0,0,0,28,0,0,0,0,0,0,0,0,0,0,0,0,56,4.76,NA,375963,6002782,TRUE,13166559,"093K016",2068544,"N","4",NA,-619790000,7.26778,65,"6","Y","1980/01/01 00:00:00.000",36,"2",36,"2",9.10000038146973,"1",9,"1","PLI",95,"SX",5,NA,NA,NA,NA,NA,NA,NA,NA,-619790000,"FG",1980-01-01,1980-01-01,1981-01-01,"L","CLEAR",NA,NA,1981-01-01,NA,NA,NA,NA,NA,1,"ME",62,1981-09-01,"ME",5,1982-09-01,4,"PL",4,1982-05-01,"PL",22,1987-05-01,2,NA,0,NA,0,46.7,1996-09-26,1,0,NA,0,0,NA,0,10.6,125.9,NA,NA,NA,NA,NA,NA,NA,NA,NA,NA,NA,NA,0.59410172700882,NA,NA,NA,NA,NA,NA,NA,1071688.20348521,1017816.13238312,TRUE
"76","SL11","unburned","R11498","Shovel",2021-08-13,"115",11,10,15,55,0,0,0,60,10,80,0,0,0,0,0,0,0,"few",0,0,0,0,0,50,0,0,0,0,0,0,0,0,0,0,0,0,0,100,6.05,NA,377699,6004185,TRUE,13166842,"093K016",13339709,"N","4",NA,NA,3.84257,60,"6","N",NA,34,"2",34,"2",8,"1",7.59999990463257,"1","PLI",90,"SX",10,NA,NA,NA,NA,NA,NA,NA,NA,NA,NA,NA,NA,NA,NA,NA,NA,NA,NA,NA,NA,NA,NA,NA,NA,NA,NA,NA,NA,NA,NA,NA,NA,NA,NA,NA,NA,NA,NA,NA,NA,NA,NA,NA,NA,NA,NA,NA,NA,NA,NA,NA,NA,NA,NA,NA,NA,NA,NA,NA,NA,NA,NA,NA,NA,NA,-0.0686801001429558,NA,NA,NA,NA,NA,NA,NA,1073358.79740792,1019295.70678881,TRUE
"77","SL12","unburned","R11498","Shovel",2021-08-13,"345",9,10,20,50,2,2,0,25,5,50,0,0,0,0,0,0,0,"sparse",0,1,0,0,0,30,0,0,0,0,0,0,0,0,0,0,0,0,0,60,5.38,3095,378872,6015549,TRUE,13527079,"093K026",17966199,"Y","11","4",-621750000,22.495459,50,"5","Y","1976/05/31 00:00:00.000",40,"2",40,"2",15.3999996185303,"2",15.1000003814697,"2","PLI",80,"SX",15,"AT",5,NA,NA,NA,NA,NA,NA,-621750000,"FG",1976-06-01,1976-06-01,1976-06-01,"L","CLEAR",NA,NA,1976-06-01,NA,NA,NA,NA,NA,1,"ME",40,1976-12-01,"ME",24,1985-10-01,2,"PL",23,1987-06-01,NA,0,NA,1,NA,0,NA,0,8.3,1994-08-15,1,0,NA,0,0,NA,0,5.1,357.1,NA,NA,NA,NA,NA,NA,NA,NA,NA,NA,NA,NA,-0.125556990504265,NA,NA,NA,NA,NA,NA,NA,1074045.81738781,1030732.92755812,TRUE
"78","SL13","burned","R11498","Shovel",2021-08-13,"281",13,10,30,20,1,5,2.875,50,15,65,2.875,2.625,2.166666667,2.791666667,2.166666667,2.555555556,9.8,"sparse",0,0,0,0,0,0,4,0,0,0,0,0,0,0,0,0,0,0,0,8,2.93,1080,380565,6014840,TRUE,13954636,"093K026",29555741,"Y","11","1",-621770000,32.52446,60,"6","Y","1977/08/31 00:00:00.000",37,"2",NA,NA,17.7000007629395,"2",NA,NA,"PLI",100,NA,NA,NA,NA,NA,NA,NA,NA,NA,NA,-621770000,"FG",1998-05-04,1977-09-01,1977-09-01,"L","CLEAR",NA,NA,1977-09-01,NA,NA,NA,NA,NA,1,NA,0,NA,NA,0,NA,0,"PL",14,1980-06-03,NA,0,NA,1,NA,0,NA,0,34.1,1998-12-02,2,0,NA,0,34.1,1998-12-02,1,6.2,252.6,NA,NA,NA,NA,NA,NA,NA,NA,NA,NA,NA,NA,-0.143563434481621,NA,NA,NA,NA,NA,NA,NA,1075763.11467486,1030094.38625936,TRUE
"79","SL14","unburned","R11498","Shovel",2021-08-13,"190",14,10,15,20,1,1,0,55,10,55,0,0,0,0,0,0,0,"sparse",0,0,0,0,0,36,0,0,0,0,0,0,0,0,0,0,0,0,0,72,4.77,1476,380360,6014807,TRUE,13954636,"093K026",29555741,"Y","11","1",-621770000,32.52446,60,"6","Y","1977/08/31 00:00:00.000",37,"2",NA,NA,17.7000007629395,"2",NA,NA,"PLI",100,NA,NA,NA,NA,NA,NA,NA,NA,NA,NA,-621770000,"FG",1998-05-04,1977-09-01,1977-09-01,"L","CLEAR",NA,NA,1977-09-01,NA,NA,NA,NA,NA,1,NA,0,NA,NA,0,NA,0,"PL",14,1980-06-03,NA,0,NA,1,NA,0,NA,0,34.1,1998-12-02,2,0,NA,0,34.1,1998-12-02,1,6.2,252.6,NA,NA,NA,NA,NA,NA,NA,NA,NA,NA,NA,NA,0.0461014285683632,NA,NA,NA,NA,NA,NA,NA,1075560.21477142,1030052.60944985,TRUE
"80","SL15","unburned","R11498","Shovel",2021-08-13,"205",21,10,35,50,1,5,0,10,55,80,0,0,0,0,0,0,0,"sparse",0,0,0,0,0,45,0,0,0,6,0,0,0,0,0,0,0,0,0,102,6.67,4057,380364,6014796,TRUE,13954636,"093K026",29555741,"Y","11","1",-621770000,32.52446,60,"6","Y","1977/08/31 00:00:00.000",37,"2",NA,NA,17.7000007629395,"2",NA,NA,"PLI",100,NA,NA,NA,NA,NA,NA,NA,NA,NA,NA,-621770000,"FG",1998-05-04,1977-09-01,1977-09-01,"L","CLEAR",NA,NA,1977-09-01,NA,NA,NA,NA,NA,1,NA,0,NA,NA,0,NA,0,"PL",14,1980-06-03,NA,0,NA,1,NA,0,NA,0,34.1,1998-12-02,2,0,NA,0,34.1,1998-12-02,1,6.2,252.6,NA,NA,NA,NA,NA,NA,NA,NA,NA,NA,NA,NA,0.0461014285683632,NA,NA,NA,NA,NA,NA,NA,1075564.6678223,1030041.75662163,TRUE
"81","SL16","burned","R11498","Shovel",2021-08-13,"20",1,10,20,10,0,40,1.4,40,1,40,2.875,2.5,1.5,2.258333333,1.5,1.8,7.6,"sparse",0,0,0,0,0,0,38,0,0,0,0,0,0,0,0,0,0,0,0,76,3.46,3640,381501,6017758,TRUE,13526814,"093K026",33697722,"Y","11","7",-621680000,23.644571,60,"6","Y","1979/08/31 00:00:00.000",31,"2",NA,NA,12.1999998092651,"2",NA,NA,"PLI",100,NA,NA,NA,NA,NA,NA,NA,NA,NA,NA,-621680000,"FG",1979-09-01,1979-09-01,1979-09-01,"L","CLEAR",NA,NA,1979-09-01,NA,NA,NA,NA,NA,1,"ME",15,1986-09-01,NA,0,NA,1,"PL",15,1987-05-01,NA,0,NA,1,NA,0,NA,0,13.8,1997-10-17,1,0,NA,0,0,NA,0,5.2,104.7,NA,NA,NA,NA,NA,NA,NA,NA,NA,NA,NA,NA,0.216130286455154,NA,NA,NA,NA,NA,NA,NA,1076572.10008686,1033058.1943522,TRUE
"81.1","SL16","burned","R11498","Shovel",2021-08-13,"20",1,10,20,10,0,40,1.4,40,1,40,2.875,2.5,1.5,2.258333333,1.5,1.8,7.6,"sparse",0,0,0,0,0,0,38,0,0,0,0,0,0,0,0,0,0,0,0,76,3.46,3640,381501,6017758,TRUE,13526814,"093K026",33697722,"Y","11","7",-621680000,23.644571,60,"6","Y","1979/08/31 00:00:00.000",31,"2",NA,NA,12.1999998092651,"2",NA,NA,"PLI",100,NA,NA,NA,NA,NA,NA,NA,NA,NA,NA,1643604,"FG",2015-01-06,2013-08-05,2014-06-30,"B",NA,NA,NA,2014-06-30,NA,NA,NA,NA,NA,1,NA,0,NA,NA,0,NA,0,NA,0,NA,NA,0,NA,0,NA,0,NA,0,0,NA,0,0,NA,0,0,NA,0,4.8,103.7,NA,NA,NA,NA,NA,NA,NA,NA,NA,NA,NA,NA,0.216130286455154,NA,NA,NA,NA,NA,NA,NA,1076572.10008686,1033058.1943522,TRUE
"82","SL17","unburned","R11498","Shovel",2021-08-13,"49",4,10,50,35,1,8,0,15,70,65,0,0,0,0,0,0,0,"sparse",0,1,0,0,0,29,0,8,0,0,0,0,0,0,0,0,0,0,0,74,5.81,2727,382058,6018914,TRUE,13526809,"093K036",35138383,"Y","4","403",-621670000,21.880369,65,"6","Y","1977/08/28 00:00:00.000",36,"2",36,"2",12.6999998092651,"2",10,"1","PLI",90,"SX",10,NA,NA,NA,NA,NA,NA,NA,NA,-621670000,"FG",1977-09-01,1977-09-01,1977-09-01,"L","CLEAR",NA,NA,1977-09-01,NA,NA,NA,NA,NA,1,"ME",29,1986-09-01,NA,0,NA,1,"PL",30,1987-05-01,NA,0,NA,1,NA,0,NA,0,33,1994-09-01,1,0,NA,0,0,NA,0,7.8,106,NA,NA,NA,NA,NA,NA,NA,NA,NA,NA,NA,NA,-0.125404730439186,NA,NA,NA,NA,NA,NA,NA,1077078.13933803,1034240.25806705,TRUE
"83","SL18","burned","R11498","Shovel",2021-08-13,"N/A",0,10,NA,NA,NA,NA,2,NA,NA,NA,2.5,2.5,2.166666667,2.333333333,2.166666667,2.222222222,6.8,"sparse",0,0,0,0,0,21,0,4,0,2,0,0,0,0,0,0,0,0,0,54,2.99,4612,382061,6018830,TRUE,13526809,"093K036",35138383,"Y","4","403",-621670000,21.880369,65,"6","Y","1977/08/28 00:00:00.000",36,"2",36,"2",12.6999998092651,"2",10,"1","PLI",90,"SX",10,NA,NA,NA,NA,NA,NA,NA,NA,-621670000,"FG",1977-09-01,1977-09-01,1977-09-01,"L","CLEAR",NA,NA,1977-09-01,NA,NA,NA,NA,NA,1,"ME",29,1986-09-01,NA,0,NA,1,"PL",30,1987-05-01,NA,0,NA,1,NA,0,NA,0,33,1994-09-01,1,0,NA,0,0,NA,0,7.8,106,NA,NA,NA,NA,NA,NA,NA,NA,NA,NA,NA,NA,0.278944879770279,NA,NA,NA,NA,NA,NA,NA,1077084.69414337,1034156.2112449,TRUE
"94","VM01","unburned","R11796","Verdun",2021-08-25,"",7,10,55,15,1,5,0,55,30,70,0,0,0,0,0,0,0,"sparse",0,1,0,0,0,34,0,0,2,0,0,0,0,0,0,0,0,0,0,72,4.67,6583,317917,5967865,TRUE,13512850,"093F082",72446609,"Y","11","67",-586990000,17.186579,35,"3","Y","1985/07/31 00:00:00.000",30,"2",23,"2",11.3000001907349,"2",3.40000009536743,"1","PLI",90,"SX",10,NA,NA,NA,NA,NA,NA,NA,NA,-586990000,"FG",1985-08-01,1985-08-01,1986-01-01,"L",NA,NA,NA,1986-01-01,NA,NA,NA,NA,NA,1,"ME",4,1986-09-01,NA,0,NA,1,"PL",4,1986-05-01,"PL",4,1988-05-01,2,NA,0,NA,0,0,NA,0,12,2014-10-24,1,0,NA,0,10.2,18.7,NA,NA,NA,NA,NA,NA,NA,NA,NA,-0.0710731148719788,NA,NA,NA,-0.00915613397955894,NA,NA,NA,NA,NA,NA,1015321.81817062,980369.588007225,TRUE
"94.1","VM01","unburned","R11796","Verdun",2021-08-25,"",7,10,55,15,1,5,0,55,30,70,0,0,0,0,0,0,0,"sparse",0,1,0,0,0,34,0,0,2,0,0,0,0,0,0,0,0,0,0,72,4.67,6583,317917,5967865,TRUE,13512850,"093F082",72446609,"Y","11","67",-586990000,17.186579,35,"3","Y","1985/07/31 00:00:00.000",30,"2",23,"2",11.3000001907349,"2",3.40000009536743,"1","PLI",90,"SX",10,NA,NA,NA,NA,NA,NA,NA,NA,1727330,"APP",2019-08-29,2018-07-31,2018-09-01,"B",NA,NA,NA,2018-09-01,NA,NA,NA,NA,NA,1,NA,0,NA,NA,0,NA,0,NA,0,NA,NA,0,NA,0,NA,0,NA,0,0,NA,0,0,NA,0,0,NA,0,12,34.3,NA,NA,NA,NA,NA,NA,NA,NA,NA,-0.0710731148719788,NA,NA,NA,-0.00915613397955894,NA,NA,NA,NA,NA,NA,1015321.81817062,980369.588007225,TRUE
"95","VM02","burned","R11796","Verdun",2021-08-25,"355",5,10,55,15,1,5,1.4,55,30,70,2.875,2.625,1.083333333,2.3,1.083333333,1.702777778,6.9,"sparse",0,1,0,0,0,8,24,0,2,0,0,0,0,0,0,0,0,0,0,68,5.68,1915,318021,5967928,TRUE,13512850,"093F082",72446609,"Y","11","67",-586990000,17.186579,35,"3","Y","1985/07/31 00:00:00.000",30,"2",23,"2",11.3000001907349,"2",3.40000009536743,"1","PLI",90,"SX",10,NA,NA,NA,NA,NA,NA,NA,NA,-586990000,"FG",1985-08-01,1985-08-01,1986-01-01,"L",NA,NA,NA,1986-01-01,NA,NA,NA,NA,NA,1,"ME",4,1986-09-01,NA,0,NA,1,"PL",4,1986-05-01,"PL",4,1988-05-01,2,NA,0,NA,0,0,NA,0,12,2014-10-24,1,0,NA,0,10.2,18.7,NA,NA,NA,NA,NA,NA,NA,NA,NA,0.294744193553925,NA,NA,NA,0.374728083610535,NA,NA,NA,NA,NA,NA,1015422.78856263,980437.107009902,TRUE
"95.1","VM02","burned","R11796","Verdun",2021-08-25,"355",5,10,55,15,1,5,1.4,55,30,70,2.875,2.625,1.083333333,2.3,1.083333333,1.702777778,6.9,"sparse",0,1,0,0,0,8,24,0,2,0,0,0,0,0,0,0,0,0,0,68,5.68,1915,318021,5967928,TRUE,13512850,"093F082",72446609,"Y","11","67",-586990000,17.186579,35,"3","Y","1985/07/31 00:00:00.000",30,"2",23,"2",11.3000001907349,"2",3.40000009536743,"1","PLI",90,"SX",10,NA,NA,NA,NA,NA,NA,NA,NA,1727330,"APP",2019-08-29,2018-07-31,2018-09-01,"B",NA,NA,NA,2018-09-01,NA,NA,NA,NA,NA,1,NA,0,NA,NA,0,NA,0,NA,0,NA,NA,0,NA,0,NA,0,NA,0,0,NA,0,0,NA,0,0,NA,0,12,34.3,NA,NA,NA,NA,NA,NA,NA,NA,NA,0.294744193553925,NA,NA,NA,0.374728083610535,NA,NA,NA,NA,NA,NA,1015422.78856263,980437.107009902,TRUE
"96","VM03","unburned","R11796","Verdun",2021-08-25,"150",6,10,25,45,2,10,0,75,5,65,0,0,0,0,0,0,0,"few",1,1,0,0,0,32,2,0,0,0,0,0,0,0,0,0,0,8,4,68,4.56,2756,317028,5969079,TRUE,13292859,"093F082",67357341,"Y","4","41",-586950000,19.386589,60,"6","Y","1961/12/01 00:00:00.000",27,"2",22,"2",10.1000003814697,"1",4.90000009536743,"1","PLI",90,"SX",10,NA,NA,NA,NA,NA,NA,NA,NA,-586950000,"FG",1961-12-01,1961-12-01,1976-01-01,"L",NA,NA,NA,1976-01-01,NA,NA,NA,NA,NA,1,"MA",35,1988-02-01,"MA",35,1988-02-01,3,"FP",11,1991-05-01,"PL",35,1989-05-01,2,"CA",5,1995-08-25,1,0,NA,0,0,NA,0,0,NA,0,4.3,23.8,NA,NA,NA,NA,NA,NA,NA,NA,NA,-0.112716153264046,NA,NA,NA,-0.101704597473145,NA,NA,NA,NA,NA,NA,1014384.79830118,981548.086420261,TRUE
"97","VM04","burned","R11796","Verdun",2021-08-25,"202",23,10,25,50,2,0,2.875,60,8,30,2.5,2.5,1.5,2.625,1.5,2.291666667,8.5,"sparse",0,0,0,0,0,0,16,0,0,0,0,0,0,0,0,0,0,0,0,32,3.14,1009,315835,5969057,TRUE,13512936,"093F082",61737283,"Y","11","39",-586940000,26.636341,60,"6","Y","1961/12/01 00:00:00.000",27,"2",24,"2",10.1000003814697,"1",5.19999980926514,"1","PLI",80,"SX",10,"AT",10,NA,NA,NA,NA,NA,NA,-586940000,"FG",1961-12-01,1961-12-01,1976-01-01,"L",NA,NA,NA,1976-01-01,NA,NA,NA,NA,NA,1,"MA",31,1988-02-01,"MA",28,1988-02-01,3,"PL",28,1989-05-01,NA,0,NA,1,NA,0,NA,0,0,NA,0,0,NA,0,0,NA,0,7.6,297.3,NA,NA,NA,NA,NA,NA,NA,NA,NA,-0.115153729915619,NA,NA,NA,-0.106068551540375,NA,NA,NA,NA,NA,NA,1013197.00863919,981475.493177839,TRUE
"98","VM05","unburned","R11796","Verdun",2021-08-26,"301",5,10,20,10,1,40,0,80,10,55,0,0,0,0,0,0,0,"few",0,1,0,0,0,40,0,0,0,0,0,0,0,0,0,0,0,0,0,80,3.59,1266,315828,5969083,TRUE,13512936,"093F082",61737283,"Y","11","39",-586940000,26.636341,60,"6","Y","1961/12/01 00:00:00.000",27,"2",24,"2",10.1000003814697,"1",5.19999980926514,"1","PLI",80,"SX",10,"AT",10,NA,NA,NA,NA,NA,NA,-586940000,"FG",1961-12-01,1961-12-01,1976-01-01,"L",NA,NA,NA,1976-01-01,NA,NA,NA,NA,NA,1,"MA",31,1988-02-01,"MA",28,1988-02-01,3,"PL",28,1989-05-01,NA,0,NA,1,NA,0,NA,0,0,NA,0,0,NA,0,0,NA,0,7.6,297.3,NA,NA,NA,NA,NA,NA,NA,NA,NA,0.169715017080307,NA,NA,NA,0.188890919089317,NA,NA,NA,NA,NA,NA,1013188.93712824,981501.242794881,TRUE
"99","VM06","burned","R11796","Verdun",2021-08-26,"200",3,10,20,10,1,40,2.875,80,10,55,2.625,2.875,1.416666667,2.791666667,1.416666667,2.388888889,12.4,"few",0,1,0,0,0,6,14,0,5,0,0,0,0,0,0,0,0,0,0,50,3.23,1171,307336,5971774,TRUE,13390122,"093F081",11378757,"Y","11","26",-586080000,19.22541,30,"3","Y","1985/05/31 00:00:00.000",31,"2",26,"2",11.6999998092651,"2",4.40000009536743,"1","PLI",50.0999984741211,"SX",49.9000015258789,NA,NA,NA,NA,NA,NA,NA,NA,-586080000,"FG",1985-06-01,1985-06-01,1988-01-01,"L",NA,NA,NA,1988-01-01,NA,NA,NA,NA,NA,1,NA,0,NA,NA,0,NA,0,NA,0,NA,NA,0,NA,0,NA,0,NA,0,0,NA,0,0,NA,0,0,NA,0,2.7,304.6,NA,NA,NA,NA,NA,NA,NA,NA,NA,-0.0788734704256058,NA,NA,NA,0.162809908390045,NA,NA,NA,NA,NA,NA,1004614.12481548,983837.055689861,TRUE
"100","VM07","unburned","R11796","Verdun",2021-08-26,"185",1,10,30,20,1,5,0,80,20,60,0,0,0,0,0,0,0,"sparse",0,1,0,0,0,47,0,0,0,0,0,0,0,0,0,0,0,0,0,94,3.57,8900,306980,5972743,TRUE,13389938,"093F081",7439326,"N","4",NA,NA,14.140881,40,"4","N",NA,31,"2",34,"2",13.5,"2",10.3000001907349,"1","PLI",80,"SX",10,"AT",10,NA,NA,NA,NA,NA,NA,NA,NA,NA,NA,NA,NA,NA,NA,NA,NA,NA,NA,NA,NA,NA,NA,NA,NA,NA,NA,NA,NA,NA,NA,NA,NA,NA,NA,NA,NA,NA,NA,NA,NA,NA,NA,NA,NA,NA,NA,NA,NA,NA,NA,NA,NA,NA,NA,NA,NA,NA,NA,NA,NA,-0.0581401959061623,NA,NA,NA,0.0672831013798714,NA,NA,NA,NA,NA,NA,1004218.54964242,984792.651544283,TRUE
"101","VM08","burned","R11796","Verdun",2021-08-26,"351",1,10,30,20,1,5,2.5,80,20,50,2.875,2.625,2.083333333,2.666666667,2.083333333,2.402777778,17.4,"few",0,1,0,0,0,0,24,0,0,0,0,0,0,0,0,0,0,0,0,48,3.2,2143,306944,5972769,TRUE,13389938,"093F081",7439326,"N","4",NA,NA,14.140881,40,"4","N",NA,31,"2",34,"2",13.5,"2",10.3000001907349,"1","PLI",80,"SX",10,"AT",10,NA,NA,NA,NA,NA,NA,NA,NA,NA,NA,NA,NA,NA,NA,NA,NA,NA,NA,NA,NA,NA,NA,NA,NA,NA,NA,NA,NA,NA,NA,NA,NA,NA,NA,NA,NA,NA,NA,NA,NA,NA,NA,NA,NA,NA,NA,NA,NA,NA,NA,NA,NA,NA,NA,NA,NA,NA,NA,NA,NA,0.241135209798813,NA,NA,NA,0.361866772174835,NA,NA,NA,NA,NA,NA,1004181.58397314,984817.1705365,TRUE
"102","VM09","burned","R11796","Verdun",2021-08-26,"253",5,10,70,25,10,NA,2.375,60,5,50,2.625,1.75,2.083333333,2.25,2.083333333,2.069444444,6.4,"large",0,0,0,0,0,36,0,0,0,0,0,0,0,0,0,0,0,0,0,72,5.68,9472,306102,5970532,TRUE,13389990,"093F081",5097897,"N","4",NA,NA,15.527221,25,"2","N",NA,79,"4",144,"8",14.5,"2",25.5,"3","PLI",85,"SX",10,"AT",5,NA,NA,NA,NA,NA,NA,NA,NA,NA,NA,NA,NA,NA,NA,NA,NA,NA,NA,NA,NA,NA,NA,NA,NA,NA,NA,NA,NA,NA,NA,NA,NA,NA,NA,NA,NA,NA,NA,NA,NA,NA,NA,NA,NA,NA,NA,NA,NA,NA,NA,NA,NA,NA,NA,NA,NA,NA,NA,NA,NA,0.328881472349167,NA,NA,NA,0.484232991933823,NA,NA,NA,NA,NA,NA,1003436.98981159,982540.58729751,TRUE
"103","VM10","unburned","R11796","Verdun",2021-08-26,"126",13,10,55,50,0,20,0,60,40,75,0,0,0,0,0,0,0,"few",1,1,0,0,0,5,0,2,0,25,2,0,0,0,0,0,0,0,0,68,3.66,3130,304692,5971403,TRUE,13390727,"093F081",95968496,"Y","11","30",-585710000,22.123779,60,"6","Y","1977/12/01 00:00:00.000",33,"2",34,"2",12.1000003814697,"2",11.6999998092651,"2","PLI",60,"SX",30,"BL",5,"AC",5,NA,NA,NA,NA,-585710000,"FG",1977-12-01,1977-12-01,1978-01-01,"L",NA,NA,NA,1978-01-01,NA,NA,NA,NA,NA,1,"BU",35,1978-01-01,"ME",17,1980-01-01,3,"PL",11,1985-05-01,"PL",23,1981-01-01,2,"MA",35,1989-11-01,1,0,NA,0,31,2014-10-24,1,0,NA,0,8.2,74.7,NA,NA,NA,NA,NA,NA,NA,NA,NA,-0.0589475929737091,NA,NA,NA,-0.0450499467551708,NA,NA,NA,NA,NA,NA,1001995.39741294,983353.326821067,TRUE
"104","VM11","burned","R11796","Verdun",2021-08-26,"260",1,10,35,20,1,5,2,55,10,60,2.75,2.375,1.833333333,2.375,1.833333333,2.069444444,6.2,"few",0,0,0,0,0,0,19,0,0,0,0,0,0,0,0,0,0,0,0,38,3.16,2362,318878,5962561,TRUE,13195796,"093F072",80653594,"Y","4","39",-573180000,9.8405,55,"5","Y","1987/07/31 00:00:00.000",26,"2",19,"1",11.3000001907349,"2",2.59999990463257,"1","PLI",70,"SX",20,"AT",10,NA,NA,NA,NA,NA,NA,-573180000,"FG",1987-08-01,1987-08-01,1992-01-01,"L",NA,NA,NA,1992-01-01,NA,NA,NA,NA,NA,1,NA,0,NA,NA,0,NA,0,"PL",3,1990-06-01,NA,0,NA,1,NA,0,NA,0,0,NA,0,0,NA,0,0,NA,0,3.3,190.9,NA,NA,NA,NA,NA,NA,NA,NA,NA,0.0584074556827545,NA,NA,NA,0.108316168189049,NA,NA,NA,NA,NA,NA,1016503.03901153,975096.828117782,TRUE
"104.1","VM11","burned","R11796","Verdun",2021-08-26,"260",1,10,35,20,1,5,2,55,10,60,2.75,2.375,1.833333333,2.375,1.833333333,2.069444444,6.2,"few",0,0,0,0,0,0,19,0,0,0,0,0,0,0,0,0,0,0,0,38,3.16,2362,318878,5962561,TRUE,13195796,"093F072",80653594,"Y","4","39",-573180000,9.8405,55,"5","Y","1987/07/31 00:00:00.000",26,"2",19,"1",11.3000001907349,"2",2.59999990463257,"1","PLI",70,"SX",20,"AT",10,NA,NA,NA,NA,NA,NA,1727335,"APP",2019-09-26,2018-07-31,2018-09-01,"B",NA,NA,NA,2018-09-01,NA,NA,NA,NA,NA,1,NA,0,NA,NA,0,NA,0,NA,0,NA,NA,0,NA,0,NA,0,NA,0,0,NA,0,0,NA,0,0,NA,0,2.6,129.8,NA,NA,NA,NA,NA,NA,NA,NA,NA,0.0584074556827545,NA,NA,NA,0.108316168189049,NA,NA,NA,NA,NA,NA,1016503.03901153,975096.828117782,TRUE
"105","VM12","unburned","R11796","Verdun",2021-08-26,"169",20,10,35,40,2,5,0,55,5,60,0,0,0,0,0,0,0,"sparse",1,1,0,0,0,34,0,0,0,0,0,0,0,0,0,0,0,0,0,68,1.92,7274,328473,5960693,TRUE,13514972,"093F072",36492627,"Y","4","802",14717,3,45,"4","Y","1994/03/01 00:00:00.000",17,"1",14,"1",7.5,"1",1.29999995231628,"1","PLI",75,"SX",20,"AT",5,NA,NA,NA,NA,NA,NA,14717,"FG",1993-08-04,1994-03-01,1996-03-01,"L","CLEAR",NA,"REMOV",1996-03-01,"L","CLEAR",NA,"REMOV",NA,2,"ME",4.6,1997-10-01,NA,0,NA,1,"PL",3.5,1997-05-01,"PL",51.4,1996-05-01,3,"MA",13.6,2006-08-09,1,0,NA,0,0,NA,0,0,NA,0,6.9,67.3,NA,NA,NA,NA,NA,NA,NA,NA,NA,-0.04193464666605,NA,NA,NA,0.102957867085934,NA,NA,NA,NA,NA,NA,1026142.79145721,973631.709993058,TRUE
"105.1","VM12","unburned","R11796","Verdun",2021-08-26,"169",20,10,35,40,2,5,0,55,5,60,0,0,0,0,0,0,0,"sparse",1,1,0,0,0,34,0,0,0,0,0,0,0,0,0,0,0,0,0,68,1.92,7274,328473,5960693,TRUE,13514972,"093F072",36492627,"Y","4","802",14717,3,45,"4","Y","1994/03/01 00:00:00.000",17,"1",14,"1",7.5,"1",1.29999995231628,"1","PLI",75,"SX",20,"AT",5,NA,NA,NA,NA,NA,NA,66260,"APP",1993-09-08,1994-08-01,1994-09-01,"L","CLEAR",NA,"REMOV",1994-09-01,NA,NA,NA,NA,NA,1,NA,0,NA,NA,0,NA,0,"PL",9.4,1995-05-01,NA,0,NA,1,NA,0,NA,0,0,NA,0,0,NA,0,0,NA,0,5.8,352.6,NA,NA,NA,NA,NA,NA,NA,NA,NA,-0.04193464666605,NA,NA,NA,0.102957867085934,NA,NA,NA,NA,NA,NA,1026142.79145721,973631.709993058,TRUE
"106","VM13","burned","R11796","Verdun",2021-08-26,"N/A",0,10,25,30,2,5,3,60,5,55,2.75,2.375,2.083333333,2.708333333,2.083333333,2.486111111,10.4,"sparse",0,1,0,0,0,0,17,0,4,0,0,0,0,0,0,0,0,0,0,42,2.12,4839,324735,5961344,TRUE,13514828,"093F072",14493026,"Y","4","36",-573150000,3.28601,50,"5","Y","1989/08/23 00:00:00.000",23,"2",23,"2",7.80000019073486,"1",3.20000004768372,"1","PLI",88,"SX",8,"BL",2,"AT",2,NA,NA,NA,NA,-573150000,"FG",1990-01-02,1989-08-24,1994-08-23,"L","CLEAR",NA,NA,1994-08-23,NA,NA,NA,NA,NA,1,"GS",37.8,1993-05-15,"ME",35,1992-10-01,2,"PL",35,1993-06-01,NA,0,NA,1,NA,0,NA,0,0,NA,0,0,NA,0,0,NA,0,5.3,214.6,NA,NA,NA,NA,NA,NA,NA,NA,NA,0.937808632850647,NA,NA,NA,0.969387948513031,NA,NA,NA,NA,NA,NA,1022390.53964513,974125.638320934,TRUE
"107","VM14","unburned","R11796","Verdun",2021-08-27,"121",5,10,30,15,5,5,0,25,5,55,0,0,0,0,0,0,0,"sparse",1,1,0,0,0,33,2,0,0,0,0,0,0,0,0,0,0,0,0,70,5.17,2519,324242,5972605,TRUE,13291956,"093F082",9899667,"Y","11","33",-586910000,3.56137,60,"6","Y","1985/12/01 00:00:00.000",25,"2",40,"2",8.10000038146973,"1",14,"2","PLI",95,"AT",5,NA,NA,NA,NA,NA,NA,NA,NA,-586910000,"FG",1997-01-28,1985-12-01,1985-12-01,"L","CLEAR",NA,NA,1985-12-01,NA,NA,NA,NA,NA,1,"ME",18,1990-10-01,"ME",9,1989-10-01,3,"PL",19,1991-05-01,NA,0,NA,1,NA,0,NA,0,0,NA,0,0,NA,0,0,NA,0,0,0,NA,NA,NA,NA,NA,NA,NA,NA,NA,-0.080045759677887,NA,NA,NA,-0.0387450121343136,NA,NA,NA,NA,NA,NA,1021424.22840349,985386.185823866,TRUE
"108","VM15","unburned","R11796","Verdun",2021-08-27,"99",6,10,40,40,1,10,0,45,35,70,0,0,0,0,0,0,0,"few",1,0,0,0,0,59,0,0,0,0,0,0,0,0,0,0,0,0,0,118,5.53,1997,325492,5973864,TRUE,13990833,"093F082",14430348,"Y","11","20",-586920000,15.078909,60,"6","Y","1986/03/01 00:00:00.000",30,"2",30,"2",10.6000003814697,"2",9.89999961853027,"1","PLI",85,"SX",10,"AT",5,NA,NA,NA,NA,NA,NA,-586920000,"FG",1986-03-01,1986-03-01,1987-01-01,"L",NA,NA,NA,1987-01-01,NA,NA,NA,NA,NA,1,"ME",9,1988-10-01,NA,0,NA,1,"PL",9,1989-05-01,NA,0,NA,1,NA,0,NA,0,0,NA,0,0,NA,0,0,NA,0,7.2,122.1,NA,NA,NA,NA,NA,NA,NA,NA,NA,-0.0984632968902588,NA,NA,NA,-0.0591186098754406,NA,NA,NA,NA,NA,NA,1022616.63044212,986700.471795716,TRUE
"109","VM16","unburned","R11796","Verdun",2021-08-27,"N/A",0,10,30,65,0,5,0,20,2,60,0,0,0,0,0,0,0,"few",1,0,0,0,0,48,2,0,0,0,0,0,0,0,0,0,0,0,0,100,3.93,2104,325698,5973098,TRUE,13504133,"093F082",18089987,"Y","4","11",-586550000,16.971859,25,"2","Y","1979/05/31 00:00:00.000",30,"2",18,"1",14.6000003814697,"2",9.89999961853027,"1","PLI",60,"AT",20,"SX",20,NA,NA,NA,NA,NA,NA,NA,NA,NA,NA,NA,NA,NA,NA,NA,NA,NA,NA,NA,NA,NA,NA,NA,NA,NA,NA,NA,NA,NA,NA,NA,NA,NA,NA,NA,NA,NA,NA,NA,NA,NA,NA,NA,NA,NA,NA,NA,NA,NA,NA,NA,NA,NA,NA,NA,NA,NA,NA,NA,NA,-0.0941605493426323,NA,NA,NA,-0.0887652784585953,NA,NA,NA,NA,NA,NA,1022854.23450563,985941.803292753,TRUE
"110","VM17","burned","R11796","Verdun",2021-08-27,"173",5,10,30,65,0,5,2.125,20,2,60,2.625,1.25,1.166666667,2,1.166666667,1.513888889,6.7,"few",1,0,0,0,0,10,16,0,0,0,0,0,0,0,0,0,0,0,0,52,4.23,1967,325666,5973089,TRUE,13504133,"093F082",18089987,"Y","4","11",-586550000,16.971859,25,"2","Y","1979/05/31 00:00:00.000",30,"2",18,"1",14.6000003814697,"2",9.89999961853027,"1","PLI",60,"AT",20,"SX",20,NA,NA,NA,NA,NA,NA,NA,NA,NA,NA,NA,NA,NA,NA,NA,NA,NA,NA,NA,NA,NA,NA,NA,NA,NA,NA,NA,NA,NA,NA,NA,NA,NA,NA,NA,NA,NA,NA,NA,NA,NA,NA,NA,NA,NA,NA,NA,NA,NA,NA,NA,NA,NA,NA,NA,NA,NA,NA,NA,NA,-0.0712935477495193,NA,NA,NA,-0.0839427337050438,NA,NA,NA,NA,NA,NA,1022822.72827361,985931.430381858,TRUE
"111","VM18","burned","R11796","Verdun",2021-08-27,"310",1,10,NA,NA,NA,NA,1.625,NA,NA,55,2.625,2.375,1.5,2.208333333,1.5,1.833333333,8.3,"large",0,0,0,0,0,0,25,0,0,0,0,0,0,0,0,0,0,0,0,50,4.79,1795,326477,5973167,TRUE,13504130,"093F082",22930063,"Y","4","9",-586580000,12.701719,50,"5","Y","1983/12/01 00:00:00.000",30,"2",21,"2",12,"2",3.29999995231628,"1","PLI",80,"SX",20,NA,NA,NA,NA,NA,NA,NA,NA,-586580000,"FG",1983-12-01,1983-12-01,1985-01-01,"L",NA,NA,NA,1985-01-01,NA,NA,NA,NA,NA,1,"ME",26,1986-09-01,"BU",2,1985-01-01,2,"FP",2.5,1998-05-11,"PL",2,1986-08-01,4,NA,0,NA,0,0,NA,0,0,NA,1,0,NA,0,3.8,351.4,NA,NA,NA,NA,NA,NA,NA,NA,NA,-0.00737049477174878,NA,NA,NA,-0.0239594895392656,NA,NA,NA,NA,NA,NA,1023627.5516111,986043.950679458,TRUE
"112","VM19","unburned","R11796","Verdun",2021-08-27,"321",2,10,25,65,1,5,0,50,5,65,0,0,0,0,0,0,0,"few",1,0,0,0,0,46,0,0,0,0,0,0,0,0,0,0,0,0,0,92,6.25,2898,326568,5973082,TRUE,13504130,"093F082",22930063,"Y","4","9",-586580000,12.701719,50,"5","Y","1983/12/01 00:00:00.000",30,"2",21,"2",12,"2",3.29999995231628,"1","PLI",80,"SX",20,NA,NA,NA,NA,NA,NA,NA,NA,-586580000,"FG",1983-12-01,1983-12-01,1985-01-01,"L",NA,NA,NA,1985-01-01,NA,NA,NA,NA,NA,1,"ME",26,1986-09-01,"BU",2,1985-01-01,2,"FP",2.5,1998-05-11,"PL",2,1986-08-01,4,NA,0,NA,0,0,NA,0,0,NA,1,0,NA,0,3.8,351.4,NA,NA,NA,NA,NA,NA,NA,NA,NA,-0.0905690714716911,NA,NA,NA,-0.0861474722623825,NA,NA,NA,NA,NA,NA,1023721.81652373,985962.652291908,TRUE
"113","VM20","unburned","R11796","Verdun",2021-08-27,"347",8,10,35,40,1,8,0,20,45,65,0,0,0,0,0,0,0,"few",1,0,0,0,0,33,0,6,0,0,0,0,0,0,0,0,0,0,0,78,4.3,NA,327448,5972117,TRUE,13445691,"093F082",27929206,"Y","11","23",-586590000,15.012361,60,"6","Y","1983/09/30 00:00:00.000",29,"2",29,"2",12.6999998092651,"2",11,"2","PLI",75,"SX",15,"BL",5,"AT",5,NA,NA,NA,NA,-586590000,"FG",1994-12-16,1983-10-01,1985-08-01,"L","CLEAR",NA,"REMOV",1985-08-01,NA,NA,NA,NA,NA,1,"ME",91,1986-09-01,NA,0,NA,1,"PL",91,1988-05-01,NA,0,NA,1,"MA",91,1992-06-01,1,0,NA,0,98.3,2014-10-24,1,0,NA,0,7.2,7.3,NA,NA,NA,NA,NA,NA,NA,NA,NA,-0.049910344183445,NA,NA,NA,-0.0663505792617798,NA,NA,NA,NA,NA,NA,1024639.42839171,985033.182460474,TRUE
"114","VM21","burned","R11796","Verdun",2021-08-27,"324",8,10,35,40,1,8,2.75,20,45,65,2.875,2.5,2.083333333,2.708333333,2.083333333,2.444444444,5.2,"sparse",NA,NA,NA,NA,NA,0,19,0,0,0,0,0,0,0,0,0,0,0,0,38,4.22,1021,327367,5972081,TRUE,13445691,"093F082",27929206,"Y","11","23",-586590000,15.012361,60,"6","Y","1983/09/30 00:00:00.000",29,"2",29,"2",12.6999998092651,"2",11,"2","PLI",75,"SX",15,"BL",5,"AT",5,NA,NA,NA,NA,-586590000,"FG",1994-12-16,1983-10-01,1985-08-01,"L","CLEAR",NA,"REMOV",1985-08-01,NA,NA,NA,NA,NA,1,"ME",91,1986-09-01,NA,0,NA,1,"PL",91,1988-05-01,NA,0,NA,1,"MA",91,1992-06-01,1,0,NA,0,98.3,2014-10-24,1,0,NA,0,7.2,7.3,NA,NA,NA,NA,NA,NA,NA,NA,NA,1.06459176540375,NA,NA,NA,1.06996250152588,NA,NA,NA,NA,NA,NA,1024560.23550232,984993.683310707,TRUE
"115","VM22","unburned","R11796","Verdun",2021-08-27,"241",6,10,25,20,1,5,0,60,45,70,0,0,0,0,0,0,0,"sparse",1,0,0,0,0,39,0,0,0,0,0,0,0,0,0,0,0,0,0,78,5.52,2345,327191,5968129,TRUE,13292838,"093F082",27997112,"Y","11","842",14700,7.70785,50,"5","Y","1987/12/01 00:00:00.000",29,"2",29,"2",10.1999998092651,"1",5.19999980926514,"1","PLI",90,"SX",10,NA,NA,NA,NA,NA,NA,NA,NA,14700,"FG",1989-03-03,1987-12-01,1990-12-01,"L","CLEAR",NA,"REMOV",1988-02-01,"L","CLEAR",NA,"REMOV",1990-03-01,3,"ME",29.1,1990-03-01,NA,0,NA,1,"PL",72.2,1991-06-01,NA,0,NA,1,"MA",2,1995-07-01,1,0,NA,0,0,NA,0,0,NA,0,11.5,200.4,NA,NA,NA,NA,NA,NA,NA,NA,NA,-0.0900975838303566,NA,NA,NA,-0.0483004078269005,NA,NA,NA,NA,NA,NA,1024551.652206,981026.98735304,TRUE
"116","VM23","burned","R11796","Verdun",2021-08-27,"200",10,10,25,20,1,5,2.75,60,45,70,2.875,3,2.083333333,2.875,2.083333333,2.611111111,8.7,"sparse",0,0,0,0,0,0,25,0,0,0,0,0,0,0,0,0,0,0,0,50,4.16,1419,327116,5968036,TRUE,13292838,"093F082",27997112,"Y","11","842",14700,7.70785,50,"5","Y","1987/12/01 00:00:00.000",29,"2",29,"2",10.1999998092651,"1",5.19999980926514,"1","PLI",90,"SX",10,NA,NA,NA,NA,NA,NA,NA,NA,14700,"FG",1989-03-03,1987-12-01,1990-12-01,"L","CLEAR",NA,"REMOV",1988-02-01,"L","CLEAR",NA,"REMOV",1990-03-01,3,"ME",29.1,1990-03-01,NA,0,NA,1,"PL",72.2,1991-06-01,NA,0,NA,1,"MA",2,1995-07-01,1,0,NA,0,0,NA,0,0,NA,0,11.5,200.4,NA,NA,NA,NA,NA,NA,NA,NA,NA,0.60921448469162,NA,NA,NA,0.746359050273895,NA,NA,NA,NA,NA,NA,1024480.84211867,980930.639863572,TRUE
"117","VM24","unburned","R11796","Verdun",2021-08-27,"326",7,10,35,35,1,8,0,70,8,55,0,0,0,0,0,0,0,"large",1,0,0,0,0,50,0,5,0,0,0,0,0,0,0,0,0,0,0,110,3.29,3575,329075,5972639,TRUE,13107999,"093F083",38209681,"Y","4","27",-587340000,11.71724,65,"6","Y","1982/05/30 00:00:00.000",30,"2",28,"2",11.3000001907349,"2",5.19999980926514,"1","PLI",65,"SX",30,"AT",3,"AC",2,NA,NA,NA,NA,-587340000,"FG",1982-06-01,1982-06-01,1983-09-01,"L",NA,NA,NA,1983-09-01,NA,NA,NA,NA,NA,1,"BU",65,1983-09-01,"ME",18,1983-10-01,2,"PL",87,1987-05-01,NA,0,NA,1,NA,0,NA,0,0,NA,0,0,NA,0,0,NA,0,1.1,341.5,NA,NA,NA,NA,NA,NA,NA,NA,NA,-0.137400880455971,NA,NA,NA,-0.0895673707127571,NA,NA,NA,NA,NA,NA,1026238.62302045,985625.102172309,TRUE
"118","VM25","burned","R11796","Verdun",2021-08-27,"312",10,10,35,35,1,8,2.625,70,8,55,2.875,2.125,1.8,2.541666667,1.8,2.183333333,9.4,"sparse",1,0,0,0,0,5,32,0,0,0,0,0,0,0,0,0,0,0,0,74,3.32,2268,329016,5972670,TRUE,13292338,"093F082",37049823,"Y","4","27",-587340000,11.71724,65,"6","Y","1982/05/29 00:00:00.000",30,"2",28,"2",11.3000001907349,"2",5.19999980926514,"1","PLI",65,"SX",30,"AT",3,"AC",2,NA,NA,NA,NA,-587340000,"FG",1982-06-01,1982-06-01,1983-09-01,"L",NA,NA,NA,1983-09-01,NA,NA,NA,NA,NA,1,"BU",65,1983-09-01,"ME",18,1983-10-01,2,"PL",87,1987-05-01,NA,0,NA,1,NA,0,NA,0,0,NA,0,0,NA,0,0,NA,0,1.1,341.5,NA,NA,NA,NA,NA,NA,NA,NA,NA,0.0531756430864334,NA,NA,NA,0.0709203854203224,NA,NA,NA,NA,NA,NA,1026178.52328864,985653.658560974,TRUE
"119","VM26","burned","R11796","Verdun",2021-08-27,"85",10,10,25,20,1,5,3,50,10,50,2.875,2.75,2.166666667,2.875,2.166666667,2.638888889,9.2,"sparse",0,0,0,0,0,0,41,0,0,0,0,0,0,0,0,0,0,0,0,82,6.64,16976,322277,5972327,TRUE,13998164,"093F082",96659272,"Y","11","2",-586840000,10.10295,50,"5","Y","1986/03/01 00:00:00.000",28,"2",NA,NA,10.5,"2",NA,NA,"PLI",100,NA,NA,NA,NA,NA,NA,NA,NA,NA,NA,-586840000,"FG",1986-03-01,1986-03-01,1987-01-01,"L",NA,NA,NA,1987-01-01,NA,NA,NA,NA,NA,1,"ME",19,1987-11-01,NA,0,NA,1,"PL",9,1988-05-01,"PL",11,1989-05-01,2,NA,0,NA,0,0,NA,0,0,NA,1,0,NA,0,2.6,328.3,NA,NA,NA,NA,NA,NA,NA,NA,NA,0.795628905296326,NA,NA,NA,0.947458684444427,NA,NA,NA,NA,NA,NA,1019477.97026376,985024.388891529,TRUE
"120","VM27","unburned","R11796","Verdun",2021-08-28,"239",8,10,25,70,0,5,0,20,25,65,0,0,0,0,0,0,0,"sparse",0,0,0,1,1,40,1,0,0,0,0,0,0,0,0,0,0,0,0,82,5.41,2734,332933,5970735,TRUE,13504011,"093F083",60998437,"Y","4","8",-587350000,9.27723,70,"7","Y","1982/01/01 00:00:00.000",30,"2",23,"2",11.3000001907349,"2",3.40000009536743,"1","PLI",98,"SX",2,NA,NA,NA,NA,NA,NA,NA,NA,-587350000,"FG",1982-05-01,1982-05-01,1982-01-01,"L",NA,NA,NA,1982-01-01,NA,NA,NA,NA,NA,1,"ME",51,1982-01-01,NA,0,NA,1,"PL",13,1988-05-01,NA,0,NA,1,NA,0,NA,0,84.3,1997-10-17,1,0,NA,1,0,NA,0,8.3,248.8,NA,NA,NA,NA,NA,NA,NA,NA,NA,-0.104082703590393,NA,NA,NA,-0.0915426537394524,NA,NA,NA,NA,NA,NA,1030163.37417494,983881.083267518,TRUE
"121","VM28","burned","R11796","Verdun",2021-08-28,"230",13,10,20,60,1,5,2.75,55,10,55,2.625,2.5,2.083333333,2.625,2.083333333,2.444444444,7.9,"sparse",0,0,0,0,0,0,34,0,0,0,0,0,0,0,0,0,0,0,0,68,4.08,3491,330696,5971265,TRUE,13107982,"093F083",51899448,"N","4",NA,0,20.057352,65,"6","N",NA,34,"2",34,"2",13.6000003814697,"2",8.80000019073486,"1","PLI",85,"SX",5,"BL",5,"AT",5,NA,NA,NA,NA,NA,NA,NA,NA,NA,NA,NA,NA,NA,NA,NA,NA,NA,NA,NA,NA,NA,NA,NA,NA,NA,NA,NA,NA,NA,NA,NA,NA,NA,NA,NA,NA,NA,NA,NA,NA,NA,NA,NA,NA,NA,NA,NA,NA,NA,NA,NA,NA,NA,NA,NA,NA,NA,NA,0.770048081874847,NA,NA,NA,0.861230313777924,NA,NA,NA,NA,NA,NA,1027911.89343009,984317.267779097,TRUE
"122","VM29","unburned","R11796","Verdun",2021-08-28,"23",6,10,70,15,0,7,0,20,70,55,0,0,0,0,0,0,0,"sparse",0,0,0,0,0,36,5,2,0,0,0,0,0,0,0,0,0,0,0,86,4.62,5590,337214,5970939,TRUE,13108068,"093F083",85208854,"Y","4","36",-587520000,20.92458,60,"6","Y","1985/06/01 00:00:00.000",29,"2",29,"2",10.1999998092651,"1",6,"1","PLI",90,"SX",8,"AT",1,"AC",1,NA,NA,NA,NA,-587520000,"FG",1985-06-01,1985-06-01,1990-01-01,"L",NA,NA,NA,1990-01-01,NA,NA,NA,NA,NA,1,NA,0,NA,NA,0,NA,0,"FP",10,1991-05-01,NA,0,NA,1,NA,0,NA,0,0,NA,0,0,NA,0,0,NA,0,6.9,22.1,NA,NA,NA,NA,NA,NA,NA,NA,NA,-0.119876101613045,NA,NA,NA,0.0462909005582333,0.0712446495890617,NA,NA,NA,NA,NA,1034420.71052752,984266.869291713,TRUE
"123","VM30","burned","R11796","Verdun",2021-08-28,"358",7,10,70,15,0,7,2.625,20,70,55,2.875,2.25,2.083333333,2.583333333,2.083333333,2.319444444,5.7,"sparse",0,0,0,0,0,0,30,0,0,0,0,0,0,0,0,0,0,0,0,60,2.9,11624,337168,5970888,TRUE,13108068,"093F083",85208854,"Y","4","36",-587520000,20.92458,60,"6","Y","1985/06/01 00:00:00.000",29,"2",29,"2",10.1999998092651,"1",6,"1","PLI",90,"SX",8,"AT",1,"AC",1,NA,NA,NA,NA,-587520000,"FG",1985-06-01,1985-06-01,1990-01-01,"L",NA,NA,NA,1990-01-01,NA,NA,NA,NA,NA,1,NA,0,NA,NA,0,NA,0,"FP",10,1991-05-01,NA,0,NA,1,NA,0,NA,0,0,NA,0,0,NA,0,0,NA,0,6.9,22.1,NA,NA,NA,NA,NA,NA,NA,NA,NA,0.0443164296448231,NA,NA,NA,0.100884594023228,0.10567232966423,NA,NA,NA,NA,NA,1034377.02538614,984213.824509638,TRUE
"1","IL01","unburned","R11921","Island",2021-08-28,"158",12,10,15,55,2,10,0,50,5,50,0,0,0,0,0,0,0,"few",0,1,0,0,1,39,0,0,0,0,0,0,0,0,0,0,0,0,0,78,10.76,2720,348496,5974067,TRUE,13109421,"093F084",50441018,"Y","4","501",-621280000,13,60,"6","Y","1981/06/01 00:00:00.000",21,"2",21,"2",8,"1",6,"1","PLI",80,"SX",15,"AT",5,NA,NA,NA,NA,NA,NA,-621280000,"FG",1997-11-04,1981-06-01,1981-06-01,"L","CLEAR",NA,NA,1981-06-01,NA,NA,NA,NA,NA,1,"ME",17,1982-09-01,"BU",1,1984-11-01,5,"PL",20,1983-05-01,"PL",68,1982-05-01,3,NA,0,NA,0,81.6,1996-10-05,2,0,NA,0,0,NA,0,11.6,119.8,NA,NA,NA,NA,NA,NA,NA,NA,NA,0.279813855886459,NA,NA,NA,0.369387179613113,0.447699695825577,NA,NA,NA,NA,NA,1045531.21729099,987878.906892886,TRUE
"2","IL02","unburned","R11921","Island",2021-08-28,"300",3,10,45,55,1,5,0,25,10,60,0,0,0,0,0,0,0,"sparse",1,0,0,0,1,38,0,0,0,0,0,0,0,0,0,0,0,0,0,76,6.89,1874,350072,5973863,TRUE,13362449,"093F084",61401203,"Y","4","501",-621280000,15,65,"6","Y","1981/06/01 00:00:00.000",21,"2",21,"2",8,"1",6,"1","PLI",85,"SX",10,"AT",5,NA,NA,NA,NA,NA,NA,-621280000,"FG",1997-11-04,1981-06-01,1981-06-01,"L","CLEAR",NA,NA,1981-06-01,NA,NA,NA,NA,NA,1,"ME",17,1982-09-01,"BU",1,1984-11-01,5,"PL",20,1983-05-01,"PL",68,1982-05-01,3,NA,0,NA,0,81.6,1996-10-05,2,0,NA,0,0,NA,0,11.6,119.8,NA,NA,NA,NA,NA,NA,NA,NA,NA,-0.170903652906418,NA,NA,NA,-0.154328495264053,-0.120974130928516,NA,NA,NA,NA,NA,1047110.37295169,987741.303133583,TRUE
"3","IL03","burned","R11921","Island",2021-08-28,"170",14,10,45,55,1,5,2.875,25,10,60,2.875,2.25,2.25,2.666666667,2.25,2.458333333,7,"sparse",0,0,0,0,0,0,30,0,0,0,0,0,0,0,0,0,0,0,0,60,6.02,1945,350191,5973849,TRUE,13362449,"093F084",61401203,"Y","4","501",-621280000,15,65,"6","Y","1981/06/01 00:00:00.000",21,"2",21,"2",8,"1",6,"1","PLI",85,"SX",10,"AT",5,NA,NA,NA,NA,NA,NA,-621280000,"FG",1997-11-04,1981-06-01,1981-06-01,"L","CLEAR",NA,NA,1981-06-01,NA,NA,NA,NA,NA,1,"ME",17,1982-09-01,"BU",1,1984-11-01,5,"PL",20,1983-05-01,"PL",68,1982-05-01,3,NA,0,NA,0,81.6,1996-10-05,2,0,NA,0,0,NA,0,11.6,119.8,NA,NA,NA,NA,NA,NA,NA,NA,NA,0.182833462953568,NA,NA,NA,0.262618690729141,0.288216263055801,NA,NA,NA,NA,NA,1047229.55231485,987732.319105222,TRUE
"4","IL04","unburned","R11921","Island",2021-08-28,"319",1,10,15,75,1,5,0,55,8,60,0,0,0,0,0,0,0,"sparse",0,1,0,0,1,36,0,0,0,0,0,0,0,0,0,0,0,0,0,72,4.43,2334,352040,5977521,TRUE,13362159,"093F094",69133069,"N","4",NA,-626040000,4.5764,70,"7","Y","1986/01/01 00:00:00.000",28,"2",28,"2",10,"1",8,"1","PLI",80,"BL",10,"SX",10,NA,NA,NA,NA,NA,NA,-626040000,"FG",1986-11-01,1986-11-01,1986-11-01,"L","CLEAR",NA,NA,1986-11-01,NA,NA,NA,NA,NA,1,"ME",66.6,1987-06-01,"ME",1,1991-11-01,3,"PL",1,1992-05-01,"PL",66.6,1989-06-01,2,NA,0,NA,0,0,NA,1,0,NA,3,0,NA,0,8.8,12.8,NA,NA,NA,NA,NA,NA,NA,NA,NA,-0.0874819904565811,NA,NA,NA,-0.566359400749207,-0.0903723165392876,NA,NA,NA,NA,NA,1048916.94133587,991489.793558675,TRUE
"5","IL05","burned","R11921","Island",2021-08-28,"282",5,10,15,75,1,5,2.75,55,8,60,2.5,2.875,2.083333333,2.708333333,2.083333333,2.569444444,10.7,"sparse",NA,NA,NA,NA,NA,0,24,0,0,0,0,0,0,0,0,0,0,0,0,48,5.08,2189,351924,5977497,TRUE,13362159,"093F094",69133069,"N","4",NA,-626040000,4.5764,70,"7","Y","1986/01/01 00:00:00.000",28,"2",28,"2",10,"1",8,"1","PLI",80,"BL",10,"SX",10,NA,NA,NA,NA,NA,NA,-626040000,"FG",1986-11-01,1986-11-01,1986-11-01,"L","CLEAR",NA,NA,1986-11-01,NA,NA,NA,NA,NA,1,"ME",66.6,1987-06-01,"ME",1,1991-11-01,3,"PL",1,1992-05-01,"PL",66.6,1989-06-01,2,NA,0,NA,0,0,NA,1,0,NA,3,0,NA,0,8.8,12.8,NA,NA,NA,NA,NA,NA,NA,NA,NA,0.599070131778717,NA,NA,NA,0.464254319667816,0.597535014152527,NA,NA,NA,NA,NA,1048802.35775492,991460.829698073,TRUE
"6","IL06","burned","R11921","Island",2021-08-29,"60",2,10,30,30,2,5,2.625,30,5,55,2.625,2.5,2.083333333,2.583333333,2.083333333,2.402777778,4.2,"sparse",1,1,0,0,0,0,39,0,6,0,0,0,0,0,0,0,0,0,0,90,4.31,4474,351273,5977355,TRUE,13362159,"093F094",69133069,"N","4",NA,-626040000,4.5764,70,"7","Y","1986/01/01 00:00:00.000",28,"2",28,"2",10,"1",8,"1","PLI",80,"BL",10,"SX",10,NA,NA,NA,NA,NA,NA,-626040000,"FG",1986-11-01,1986-11-01,1986-11-01,"L","CLEAR",NA,NA,1986-11-01,NA,NA,NA,NA,NA,1,"ME",66.6,1987-06-01,"ME",1,1991-11-01,3,"PL",1,1992-05-01,"PL",66.6,1989-06-01,2,NA,0,NA,0,0,NA,1,0,NA,3,0,NA,0,8.8,12.8,NA,NA,NA,NA,NA,NA,NA,NA,NA,0.559279441833496,NA,NA,NA,0.492399007081985,0.479112893342972,NA,NA,NA,NA,NA,1048159.61651187,991290.958221698,TRUE
"7","IL07","unburned","R11921","Island",2021-08-29,"347",18,10,10,40,0,2,0,75,20,75,0,0,0,0,0,0,0,"sparse",0,0,1,0,0,36,0,0,0,0,0,0,0,0,0,0,0,0,0,72,3.41,3390,350289,5977057,TRUE,13362666,"093F094",59832803,"N","4",NA,11421,10,45,"4","Y","1990/01/01 00:00:00.000",23,"2",23,"2",6,"1",8,"1","SX",70,"PLI",20,"BL",5,"AT",5,NA,NA,NA,NA,11421,"FG",1990-05-03,1990-01-01,1991-02-01,"L","CLEAR",NA,"REMOV",1991-02-01,NA,NA,NA,NA,NA,1,"ME",12,1992-04-01,"ME",3.3,1992-09-01,8,"PL",93.9,1993-06-01,"FP",2.7,1999-05-01,3,NA,0,NA,0,0,NA,0,0,NA,0,0,NA,0,11.3,344.9,NA,NA,NA,NA,NA,NA,NA,NA,NA,-0.0776733085513115,NA,NA,NA,-0.0891043394804001,-0.0640041679143906,NA,NA,NA,NA,NA,1047191.62584823,990950.66946523,TRUE
"8","IL08","unburned","R11921","Island",2021-08-29,"344",19,10,10,45,1,10,0,80,35,55,0,0,0,0,0,0,0,"few",1,1,0,0,0,33,0,0,0,2,0,0,0,0,0,0,0,0,0,70,2.76,7695,348785,5976470,TRUE,13361962,"093F094",56362488,"N","4",NA,11421,15,65,"6","Y","1990/01/01 00:00:00.000",23,"2",23,"2",7,"1",5,"1","PLI",90,"SX",5,"BL",5,NA,NA,NA,NA,NA,NA,11421,"FG",1990-05-03,1990-01-01,1991-02-01,"L","CLEAR",NA,"REMOV",1991-02-01,NA,NA,NA,NA,NA,1,"ME",12,1992-04-01,"ME",3.3,1992-09-01,8,"PL",93.9,1993-06-01,"FP",2.7,1999-05-01,3,NA,0,NA,0,0,NA,0,0,NA,0,0,NA,0,11.3,344.9,NA,NA,NA,NA,NA,NA,NA,NA,NA,-0.0294159539043903,NA,NA,NA,-0.0442674495279789,-0.0416255705058575,NA,NA,NA,NA,NA,1045717.65857607,990298.782638745,TRUE
"9","IL09","burned","R11921","Island",2021-08-29,"290",11,10,10,45,1,10,2.125,80,35,55,2.75,2.25,1.583333333,2.375,1.583333333,1.986111111,6.7,"few",0,1,0,0,0,0,31,0,0,0,4,0,0,0,0,0,0,0,0,70,2.3,7561,348742,5976497,TRUE,13361962,"093F094",56362488,"N","4",NA,11421,15,65,"6","Y","1990/01/01 00:00:00.000",23,"2",23,"2",7,"1",5,"1","PLI",90,"SX",5,"BL",5,NA,NA,NA,NA,NA,NA,11421,"FG",1990-05-03,1990-01-01,1991-02-01,"L","CLEAR",NA,"REMOV",1991-02-01,NA,NA,NA,NA,NA,1,"ME",12,1992-04-01,"ME",3.3,1992-09-01,8,"PL",93.9,1993-06-01,"FP",2.7,1999-05-01,3,NA,0,NA,0,0,NA,0,0,NA,0,0,NA,0,11.3,344.9,NA,NA,NA,NA,NA,NA,NA,NA,NA,0.183862611651421,NA,NA,NA,0.10992344468832,0.129916399717331,NA,NA,NA,NA,NA,1045673.66675156,990324.011965185,TRUE
"10","IL10","unburned","R11921","Island",2021-08-29,"157",11,10,45,35,2,3,0,40,5,55,0,0,0,0,0,0,0,"sparse",0,1,0,0,0,48,0,0,0,0,0,0,0,0,0,0,0,0,0,96,5.08,2577,349392,5979084,TRUE,13516657,"093F094",53994131,"N","4",NA,-626020000,17.541861,50,"5","Y","1986/01/01 00:00:00.000",28,"2",24,"2",9.80000019073486,"1",6,"1","PLI",90,"BL",5,"AT",5,NA,NA,NA,NA,NA,NA,-626020000,"FG",1986-02-01,1986-02-01,1986-10-01,"L","CLEAR",NA,NA,1986-10-01,NA,NA,NA,NA,NA,1,"BU",102,1986-10-01,"ME",6,1991-01-01,3,"PL",122.5,1988-05-01,"PL",6,1991-05-01,3,NA,0,NA,0,0,NA,0,0,NA,0,0,NA,0,18.3,183.5,NA,NA,NA,NA,NA,NA,NA,NA,NA,-0.0247176513075829,NA,NA,NA,-0.0420680157840252,-0.116604037582874,NA,NA,NA,NA,NA,1046212.05133358,992943.561548982,TRUE
"11","IL11","burned","R11921","Island",2021-08-29,"184",5,10,40,25,1,5,1.6,60,5,45,2.5,1.125,1.3,1.741666667,1.3,1.341666667,9.6,"few",0,0,0,0,0,26,15,0,0,0,0,0,0,0,0,0,0,0,0,82,4.68,2047,347953,5979035,TRUE,13362173,"093F094",44974122,"N","4",NA,-626020000,27.56632,65,"6","Y","1986/01/01 00:00:00.000",28,"2",NA,NA,10,"1",NA,NA,"PLI",100,NA,NA,NA,NA,NA,NA,NA,NA,NA,NA,-626020000,"FG",1986-02-01,1986-02-01,1986-10-01,"L","CLEAR",NA,NA,1986-10-01,NA,NA,NA,NA,NA,1,"BU",102,1986-10-01,"ME",6,1991-01-01,3,"PL",122.5,1988-05-01,"PL",6,1991-05-01,3,NA,0,NA,0,0,NA,0,0,NA,0,0,NA,0,18.3,183.5,NA,NA,NA,NA,NA,NA,NA,NA,NA,0.0251172985881567,NA,NA,NA,-0.00283548259176314,-0.00595768261700869,NA,NA,NA,NA,NA,1044780.12796153,992833.455441544,TRUE
"12","IL12","unburned","R11921","Island",2021-08-29,"250",2,10,15,70,1,8,0,80,20,50,0,0,0,0,0,0,0,"few",0,1,0,0,0,35,3,2,0,0,0,0,0,0,0,0,0,0,0,80,4.46,2946,357175,5978448,TRUE,13363433,"093F095",603971,"N","4",NA,-621110000,22.80209,40,"4","Y","1982/01/01 00:00:00.000",29,"2",29,"2",10.1999998092651,"1",11.5,"2","PLI",70,"AT",15,"SX",10,"ACT",5,NA,NA,NA,NA,-621110000,"FG",1982-03-01,1982-03-01,1982-10-01,"L","CLEAR",NA,NA,1982-10-01,NA,NA,NA,NA,NA,1,"ME",38.4,1982-09-01,"ME",32,1982-09-01,4,"PL",38.4,1983-05-01,"PL",7,1988-05-01,3,"CG",70.4,1984-08-01,1,23.8,1995-08-15,1,0,NA,0,0,NA,0,17.2,149.4,NA,NA,NA,NA,NA,NA,NA,NA,NA,-0.22729255259037,NA,NA,NA,-0.0128681035712361,0.0523691922426224,NA,NA,NA,NA,NA,1053995.00285132,992636.275802397,TRUE
"13","IL13","burned","R11921","Island",2021-08-29,"172",1,10,15,70,1,8,1.625,80,20,50,2.625,1.5,1.25,1.916666667,1.25,1.458333333,7.2,"few",0,1,0,0,0,2,32,0,0,0,0,0,0,0,0,0,0,0,0,68,3.51,2481,357144,5978827,TRUE,13363433,"093F095",603971,"N","4",NA,-621110000,22.80209,40,"4","Y","1982/01/01 00:00:00.000",29,"2",29,"2",10.1999998092651,"1",11.5,"2","PLI",70,"AT",15,"SX",10,"ACT",5,NA,NA,NA,NA,-621110000,"FG",1982-03-01,1982-03-01,1982-10-01,"L","CLEAR",NA,NA,1982-10-01,NA,NA,NA,NA,NA,1,"ME",38.4,1982-09-01,"ME",32,1982-09-01,4,"PL",38.4,1983-05-01,"PL",7,1988-05-01,3,"CG",70.4,1984-08-01,1,23.8,1995-08-15,1,0,NA,0,0,NA,0,17.2,149.4,NA,NA,NA,NA,NA,NA,NA,NA,NA,-0.197640106081963,NA,NA,NA,-0.00595833593979478,0.0330312326550484,NA,NA,NA,NA,NA,1053948.0827573,993014.704973394,TRUE
"84","SL19","unburned","R11498","Shovel",2021-08-30,"168",10,10,40,50,2,2,0,75,20,55,0,0,0,0,0,0,0,"sparse",0,1,0,0,0,29,0,4,0,0,0,0,0,0,0,0,0,0,0,66,4.17,3522,377004,6003345,TRUE,13166630,"093K016",10019110,"N","4",NA,NA,21.996531,70,"7","N",NA,39,"2",39,"2",8.89999961853027,"1",8.39999961853027,"1","PLI",95,"SX",5,NA,NA,NA,NA,NA,NA,NA,NA,NA,NA,NA,NA,NA,NA,NA,NA,NA,NA,NA,NA,NA,NA,NA,NA,NA,NA,NA,NA,NA,NA,NA,NA,NA,NA,NA,NA,NA,NA,NA,NA,NA,NA,NA,NA,NA,NA,NA,NA,NA,NA,NA,NA,NA,NA,NA,NA,NA,NA,NA,NA,NA,NA,NA,NA,NA,0.109698005020618,NA,NA,NA,NA,NA,NA,NA,1072701.7809924,1018424.47807566,TRUE
"85","SL20","burned","R11498","Shovel",2021-08-30,"130",12,10,40,50,2,2,2.625,75,20,55,2.75,2.375,2.25,2.583333333,2.25,2.416666667,7.8,"sparse",0,1,0,0,0,0,37,0,5,0,0,0,0,0,0,0,0,0,0,84,6.88,4070,377017,6003391,TRUE,13166630,"093K016",10019110,"N","4",NA,NA,21.996531,70,"7","N",NA,39,"2",39,"2",8.89999961853027,"1",8.39999961853027,"1","PLI",95,"SX",5,NA,NA,NA,NA,NA,NA,NA,NA,NA,NA,NA,NA,NA,NA,NA,NA,NA,NA,NA,NA,NA,NA,NA,NA,NA,NA,NA,NA,NA,NA,NA,NA,NA,NA,NA,NA,NA,NA,NA,NA,NA,NA,NA,NA,NA,NA,NA,NA,NA,NA,NA,NA,NA,NA,NA,NA,NA,NA,NA,NA,NA,NA,NA,NA,NA,0.433865338563919,NA,NA,NA,NA,NA,NA,NA,1072712.78657048,1018471.12432051,TRUE
"86","SL21","burned","R11498","Shovel",2021-08-30,"208",7,10,15,60,0,15,2.25,80,50,55,2.75,2,1.833333333,2.333333333,1.833333333,2.027777778,3.9,"large",0,1,0,0,0,4,32,0,0,0,0,0,0,0,0,0,0,0,0,72,5.8,8080,378362,6005220,TRUE,13954115,"093K016",9830573,"N","4",NA,NA,30.12018,30,"3","N",NA,80,"4",NA,NA,16.5,"2",NA,NA,"PLI",100,NA,NA,NA,NA,NA,NA,NA,NA,NA,NA,NA,NA,NA,NA,NA,NA,NA,NA,NA,NA,NA,NA,NA,NA,NA,NA,NA,NA,NA,NA,NA,NA,NA,NA,NA,NA,NA,NA,NA,NA,NA,NA,NA,NA,NA,NA,NA,NA,NA,NA,NA,NA,NA,NA,NA,NA,NA,NA,NA,NA,NA,NA,NA,NA,NA,NA,NA,-0.0541372373700142,NA,NA,NA,NA,NA,NA,NA,1073975.65363209,1020360.98143786,TRUE
"87","SL22","unburned","R11498","Shovel",2021-08-30,"240",5,10,15,60,0,15,0,80,50,55,0,0,0,0,0,0,0,"large",0,0,0,0,0,57,0,2,0,0,0,0,0,0,0,0,0,0,0,118,7.39,4474,378594,6005288,TRUE,13954004,"093K016",23840413,"N","4",NA,NA,29.99999,35,"3","N",NA,84,"5",84,"5",17.5,"2",18.8999996185303,"2","PLI",95,"SX",5,NA,NA,NA,NA,NA,NA,NA,NA,NA,NA,NA,NA,NA,NA,NA,NA,NA,NA,NA,NA,NA,NA,NA,NA,NA,NA,NA,NA,NA,NA,NA,NA,NA,NA,NA,NA,NA,NA,NA,NA,NA,NA,NA,NA,NA,NA,NA,NA,NA,NA,NA,NA,NA,NA,NA,NA,NA,NA,NA,NA,NA,NA,NA,NA,NA,-0.193236514925957,NA,NA,NA,NA,NA,NA,NA,1074203.97876393,1020438.97090197,TRUE
"88","SL23","unburnedd","R11498","Shovel",2021-08-30,"240",1,10,20,65,1,2,0,45,10,55,0,0,0,0,0,0,0,"sparse",0,1,0,1,1,33,0,0,0,0,0,0,0,0,0,0,0,0,0,66,7.01,4018,382030,6014768,TRUE,13220972,"093K026",37726126,"Y","11","2",-621730000,27.5292,70,"7","Y","1977/03/01 00:00:00.000",39,"2",39,"2",16.3999996185303,"2",15.3000001907349,"2","PLI",90,"BL",5,"SX",5,NA,NA,NA,NA,NA,NA,-621730000,"FG",1977-03-01,1977-03-01,1977-09-01,"L","CLEAR",NA,NA,1977-09-01,NA,NA,NA,NA,NA,1,"ME",6,1978-08-01,"ME",84,1977-09-01,2,"PL",9.7,1994-05-28,NA,0,NA,1,NA,0,NA,0,97,1995-10-31,1,0,NA,0,0,NA,0,8.9,323.5,NA,NA,NA,NA,NA,NA,NA,NA,NA,NA,NA,NA,-0.137376368045807,NA,NA,NA,NA,NA,NA,NA,1077226.17095848,1030084.46920113,TRUE
"89","SL24","burned","R11498","Shovel",2021-08-30,"225",3,10,20,65,1,2,2.25,45,10,55,2.625,2,1.166666667,2.291666667,1.166666667,1.805555556,9.2,"sparse",0,1,0,1,1,27,2,0,0,0,0,0,0,0,0,0,0,0,0,58,4.53,3139,382012,6014810,TRUE,13220972,"093K026",37726126,"Y","11","2",-621730000,27.5292,70,"7","Y","1977/03/01 00:00:00.000",39,"2",39,"2",16.3999996185303,"2",15.3000001907349,"2","PLI",90,"BL",5,"SX",5,NA,NA,NA,NA,NA,NA,-621730000,"FG",1977-03-01,1977-03-01,1977-09-01,"L","CLEAR",NA,NA,1977-09-01,NA,NA,NA,NA,NA,1,"ME",6,1978-08-01,"ME",84,1977-09-01,2,"PL",9.7,1994-05-28,NA,0,NA,1,NA,0,NA,0,97,1995-10-31,1,0,NA,0,0,NA,0,8.9,323.5,NA,NA,NA,NA,NA,NA,NA,NA,NA,NA,NA,NA,-0.034007403999567,NA,NA,NA,NA,NA,NA,NA,1077206.45030838,1030125.79167448,TRUE
"90","SL25","unburned","R11498","Shovel",2021-08-30,"318",14,10,50,30,1,12,0,20,55,55,0,0,0,0,0,0,0,"sparse",0,1,0,0,1,31,0,0,0,0,0,0,0,0,0,0,0,0,0,62,6.49,2362,382934,6015825,TRUE,13284324,"093K027",41776418,"Y","11","2",-621730000,32.629829,60,"6","Y","1977/03/01 00:00:00.000",35,"2",41,"3",13.1999998092651,"2",16.2000007629395,"2","PLI",90,"BL",10,NA,NA,NA,NA,NA,NA,NA,NA,-621730000,"FG",1977-03-01,1977-03-01,1977-09-01,"L","CLEAR",NA,NA,1977-09-01,NA,NA,NA,NA,NA,1,"ME",6,1978-08-01,"ME",84,1977-09-01,2,"PL",9.7,1994-05-28,NA,0,NA,1,NA,0,NA,0,97,1995-10-31,1,0,NA,0,0,NA,0,8.9,323.5,NA,NA,NA,NA,NA,NA,NA,NA,NA,NA,NA,NA,-0.0614608414471149,NA,NA,NA,NA,NA,NA,NA,1078082.23973853,1031182.06297812,TRUE
"90.1","SL25","unburned","R11498","Shovel",2021-08-30,"318",14,10,50,30,1,12,0,20,55,55,0,0,0,0,0,0,0,"sparse",0,1,0,0,1,31,0,0,0,0,0,0,0,0,0,0,0,0,0,62,6.49,2362,382934,6015825,TRUE,13284324,"093K027",41776418,"Y","11","2",-621730000,32.629829,60,"6","Y","1977/03/01 00:00:00.000",35,"2",41,"3",13.1999998092651,"2",16.2000007629395,"2","PLI",90,"BL",10,NA,NA,NA,NA,NA,NA,NA,NA,-620250000,"FG",1998-08-19,1970-01-01,1977-12-01,"L",NA,NA,NA,1977-12-01,NA,NA,NA,NA,NA,1,"ME",37,1977-12-01,NA,0,NA,1,"PL",55,1979-06-01,NA,0,NA,1,NA,0,NA,0,14.6,1994-08-15,1,0,NA,0,0,NA,0,2.4,241.2,NA,NA,NA,NA,NA,NA,NA,NA,NA,NA,NA,NA,-0.0614608414471149,NA,NA,NA,NA,NA,NA,NA,1078082.23973853,1031182.06297812,TRUE
"91","SL26","burned","R11498","Shovel",2021-08-30,"306",15,10,50,30,1,12,2.75,20,55,55,2.75,2.125,2.166666667,2.541666667,2.166666667,2.347222222,10.8,"few",0,0,0,1,0,0,26,0,6,0,4,0,0,0,0,0,0,0,0,72,3.88,2451,383095,6015972,TRUE,13284324,"093K027",41776418,"Y","11","2",-621730000,32.629829,60,"6","Y","1977/03/01 00:00:00.000",35,"2",41,"3",13.1999998092651,"2",16.2000007629395,"2","PLI",90,"BL",10,NA,NA,NA,NA,NA,NA,NA,NA,-621730000,"FG",1977-03-01,1977-03-01,1977-09-01,"L","CLEAR",NA,NA,1977-09-01,NA,NA,NA,NA,NA,1,"ME",6,1978-08-01,"ME",84,1977-09-01,2,"PL",9.7,1994-05-28,NA,0,NA,1,NA,0,NA,0,97,1995-10-31,1,0,NA,0,0,NA,0,8.9,323.5,NA,NA,NA,NA,NA,NA,NA,NA,NA,NA,NA,NA,0.364609241485596,NA,NA,NA,NA,NA,NA,NA,1078236.45342704,1031336.20744092,TRUE
"91.1","SL26","burned","R11498","Shovel",2021-08-30,"306",15,10,50,30,1,12,2.75,20,55,55,2.75,2.125,2.166666667,2.541666667,2.166666667,2.347222222,10.8,"few",0,0,0,1,0,0,26,0,6,0,4,0,0,0,0,0,0,0,0,72,3.88,2451,383095,6015972,TRUE,13284324,"093K027",41776418,"Y","11","2",-621730000,32.629829,60,"6","Y","1977/03/01 00:00:00.000",35,"2",41,"3",13.1999998092651,"2",16.2000007629395,"2","PLI",90,"BL",10,NA,NA,NA,NA,NA,NA,NA,NA,-620250000,"FG",1998-08-19,1970-01-01,1977-12-01,"L",NA,NA,NA,1977-12-01,NA,NA,NA,NA,NA,1,"ME",37,1977-12-01,NA,0,NA,1,"PL",55,1979-06-01,NA,0,NA,1,NA,0,NA,0,14.6,1994-08-15,1,0,NA,0,0,NA,0,2.4,241.2,NA,NA,NA,NA,NA,NA,NA,NA,NA,NA,NA,NA,0.364609241485596,NA,NA,NA,NA,NA,NA,NA,1078236.45342704,1031336.20744092,TRUE
"92","SL27","unburned","R11498","Shovel",2021-08-30,"294",9,10,15,25,1,15,0,75,65,40,0,0,0,0,0,0,0,"few",1,0,0,0,0,0,26,0,0,2,0,0,0,0,0,0,0,0,0,56,3.86,886,393546,6004729,TRUE,13157382,"093K017",8410323,"N","4",NA,-631790000,10,50,"5","Y","1990/01/01 00:00:00.000",24,"2",24,"2",8,"1",8,"1","PLI",90,"SX",5,"AT",5,NA,NA,NA,NA,NA,NA,-631790000,"FG",1989-03-31,1990-07-01,1992-06-01,"L","SEEDT",NA,NA,1992-06-01,NA,NA,NA,NA,NA,1,"ME",50,1991-11-01,NA,0,NA,1,"PL",51.5,1992-05-26,NA,0,NA,1,"MA",19.5,1998-08-31,1,0,NA,0,0,NA,0,0,NA,0,1.8,179.4,NA,NA,NA,NA,NA,NA,NA,NA,NA,NA,NA,NA,-0.0893058776855469,NA,NA,NA,NA,NA,NA,NA,1089128.98138434,1020513.41835596,TRUE
"93","SL28","burned","R11498","Shovel",2021-08-30,"222",7,10,15,25,1,15,2.75,75,65,40,2.75,2,2.166666667,2.5,2.166666667,2.305555556,3.5,"few",0,1,0,0,0,0,19,0,0,0,0,0,0,0,0,0,0,0,0,38,4.86,2914,393680,6004656,TRUE,13157382,"093K017",8410323,"N","4",NA,-631790000,10,50,"5","Y","1990/01/01 00:00:00.000",24,"2",24,"2",8,"1",8,"1","PLI",90,"SX",5,"AT",5,NA,NA,NA,NA,NA,NA,-631790000,"FG",1989-03-31,1990-07-01,1992-06-01,"L","SEEDT",NA,NA,1992-06-01,NA,NA,NA,NA,NA,1,"ME",50,1991-11-01,NA,0,NA,1,"PL",51.5,1992-05-26,NA,0,NA,1,"MA",19.5,1998-08-31,1,0,NA,0,0,NA,0,0,NA,0,1.8,179.4,NA,NA,NA,NA,NA,NA,NA,NA,NA,NA,NA,NA,0.540546119213104,NA,NA,NA,NA,NA,NA,NA,1089265.62576858,1020445.95081962,TRUE
